1950,1960,1970,1980,1990,attribute,word_1,word_2,word_pair
0.0,0.0,0.0,0.0,0.0,attribute_1,守卫,我,守卫-我
0.0,0.0,0.0,0.0,0.0,attribute_1,守卫,自己,守卫-自己
0.0,0.0,0.0,0.0,0.0,attribute_1,守卫,我们,守卫-我们
0.0,0.0,0.0,0.0,0.0,attribute_1,守卫,我的,守卫-我的
0.0,0.0,0.0,0.0,0.0,attribute_1,守卫,我们的,守卫-我们的
0.0,0.0,0.312497246241,0.213149626611,0.246963470703,attribute_1,真诚,我,真诚-我
0.0,0.0,0.247002727188,0.125646638596,0.194551974478,attribute_1,真诚,自己,真诚-自己
0.0,0.0,0.356086008081,0.217186824574,0.185515539871,attribute_1,真诚,我们,真诚-我们
0.0,0.0,0.0,0.0,0.0,attribute_1,真诚,我的,真诚-我的
0.0,0.0,0.0,0.0,0.0,attribute_1,真诚,我们的,真诚-我们的
0.0,0.0,0.0,0.0,0.0,attribute_1,好客,我,好客-我
0.0,0.0,0.0,0.0,0.0,attribute_1,好客,自己,好客-自己
0.0,0.0,0.0,0.0,0.0,attribute_1,好客,我们,好客-我们
0.0,0.0,0.0,0.0,0.0,attribute_1,好客,我的,好客-我的
0.0,0.0,0.0,0.0,0.0,attribute_1,好客,我们的,好客-我们的
0.0,0.0,0.16598681884,0.143603011169,0.105698913927,attribute_1,辩护,我,辩护-我
0.0,0.0,0.246208180283,0.166303264842,0.183941468087,attribute_1,辩护,自己,辩护-自己
0.0,0.0,0.149324287683,0.131611214019,0.10266674161,attribute_1,辩护,我们,辩护-我们
0.0,0.0,0.0,0.0,0.0,attribute_1,辩护,我的,辩护-我的
0.0,0.0,0.0,0.0,0.0,attribute_1,辩护,我们的,辩护-我们的
0.154604124678,0.257700506926,0.127493253382,0.150799594265,0.110617477409,attribute_1,支持,我,支持-我
0.201329322005,0.214868814829,0.0484103598373,0.135043666227,0.0131148864487,attribute_1,支持,自己,支持-自己
0.309984937804,0.30222261064,0.189736434823,0.0959735111551,0.159056406881,attribute_1,支持,我们,支持-我们
0.0,0.0,0.0,0.0,0.0,attribute_1,支持,我的,支持-我的
0.0,0.0,0.0,0.0,0.0,attribute_1,支持,我们的,支持-我们的
0.0,0.0,0.089639977451,0.132434571877,0.152529848131,attribute_1,软弱,我,软弱-我
0.0,0.0,0.176887927662,0.178657804582,0.167960805561,attribute_1,软弱,自己,软弱-自己
0.0,0.0,0.101818110581,0.079588084744,0.191049929159,attribute_1,软弱,我们,软弱-我们
0.0,0.0,0.0,0.0,0.0,attribute_1,软弱,我的,软弱-我的
0.0,0.0,0.0,0.0,0.0,attribute_1,软弱,我们的,软弱-我们的
0.0,0.0,0.0,0.384925526367,0.261773613748,attribute_1,诚挚,我,诚挚-我
0.0,0.0,0.0,0.204796089776,0.189291555631,attribute_1,诚挚,自己,诚挚-自己
0.0,0.0,0.0,0.326187372249,0.263443375277,attribute_1,诚挚,我们,诚挚-我们
0.0,0.0,0.0,0.0,0.0,attribute_1,诚挚,我的,诚挚-我的
0.0,0.0,0.0,0.0,0.0,attribute_1,诚挚,我们的,诚挚-我们的
0.407611639724,0.258812354218,0.139570935514,0.0824566615165,0.0765034714517,attribute_1,依靠,我,依靠-我
0.546367748285,0.349585888112,0.188349503972,0.134106026283,0.13478592116,attribute_1,依靠,自己,依靠-自己
0.541066796405,0.399904489494,0.221211195921,0.132182439068,0.209759889674,attribute_1,依靠,我们,依靠-我们
0.0,0.0,0.0,0.0,0.0,attribute_1,依靠,我的,依靠-我的
0.0,0.0,0.0,0.0,0.0,attribute_1,依靠,我们的,依靠-我们的
0.190744630092,0.222733109298,0.138360889286,0.0344249035621,0.0744554886913,attribute_1,互助,我,互助-我
0.259948740389,0.237925773971,0.137154985054,0.0825221520611,0.0716507507436,attribute_1,互助,自己,互助-自己
0.318352909568,0.209904356353,0.200764620312,0.0924707502866,0.133251461093,attribute_1,互助,我们,互助-我们
0.0,0.0,0.0,0.0,0.0,attribute_1,互助,我的,互助-我的
0.0,0.0,0.0,0.0,0.0,attribute_1,互助,我们的,互助-我们的
0.0,0.0,0.0,0.0,0.0,attribute_1,道贺,我,道贺-我
0.0,0.0,0.0,0.0,0.0,attribute_1,道贺,自己,道贺-自己
0.0,0.0,0.0,0.0,0.0,attribute_1,道贺,我们,道贺-我们
0.0,0.0,0.0,0.0,0.0,attribute_1,道贺,我的,道贺-我的
0.0,0.0,0.0,0.0,0.0,attribute_1,道贺,我们的,道贺-我们的
0.0,0.0,0.0,0.0,0.0,attribute_1,走到,我,走到-我
0.0,0.0,0.0,0.0,0.0,attribute_1,走到,自己,走到-自己
0.0,0.0,0.0,0.0,0.0,attribute_1,走到,我们,走到-我们
0.0,0.0,0.0,0.0,0.0,attribute_1,走到,我的,走到-我的
0.0,0.0,0.0,0.0,0.0,attribute_1,走到,我们的,走到-我们的
0.0,0.0,0.0,0.0,0.0,attribute_1,可信,我,可信-我
0.0,0.0,0.0,0.0,0.0,attribute_1,可信,自己,可信-自己
0.0,0.0,0.0,0.0,0.0,attribute_1,可信,我们,可信-我们
0.0,0.0,0.0,0.0,0.0,attribute_1,可信,我的,可信-我的
0.0,0.0,0.0,0.0,0.0,attribute_1,可信,我们的,可信-我们的
0.0,0.0,0.160562958463,0.168813283366,0.142877492769,attribute_1,喜爱,我,喜爱-我
0.0,0.0,0.226661621439,0.0777761098877,0.140161605587,attribute_1,喜爱,自己,喜爱-自己
0.0,0.0,0.214128708121,0.0686411190147,0.126486010124,attribute_1,喜爱,我们,喜爱-我们
0.0,0.0,0.0,0.0,0.0,attribute_1,喜爱,我的,喜爱-我的
0.0,0.0,0.0,0.0,0.0,attribute_1,喜爱,我们的,喜爱-我们的
0.0,0.0,0.0,0.295833488965,0.275661660181,attribute_1,饶恕,我,饶恕-我
0.0,0.0,0.0,0.225181006934,0.200291818356,attribute_1,饶恕,自己,饶恕-自己
0.0,0.0,0.0,0.253964279451,0.224605511893,attribute_1,饶恕,我们,饶恕-我们
0.0,0.0,0.0,0.0,0.0,attribute_1,饶恕,我的,饶恕-我的
0.0,0.0,0.0,0.0,0.0,attribute_1,饶恕,我们的,饶恕-我们的
0.0,0.0,0.0,0.319839391318,0.26987706399,attribute_1,善意,我,善意-我
0.0,0.0,0.0,0.207587496586,0.201447010542,attribute_1,善意,自己,善意-自己
0.0,0.0,0.0,0.245466071291,0.218694752102,attribute_1,善意,我们,善意-我们
0.0,0.0,0.0,0.0,0.0,attribute_1,善意,我的,善意-我的
0.0,0.0,0.0,0.0,0.0,attribute_1,善意,我们的,善意-我们的
0.0,0.0,0.0,0.113688991768,0.127681700003,attribute_1,交互,我,交互-我
0.0,0.0,0.0,0.0766259539639,0.0497595298477,attribute_1,交互,自己,交互-自己
0.0,0.0,0.0,0.0599239848309,0.130375669653,attribute_1,交互,我们,交互-我们
0.0,0.0,0.0,0.0,0.0,attribute_1,交互,我的,交互-我的
0.0,0.0,0.0,0.0,0.0,attribute_1,交互,我们的,交互-我们的
0.0,0.0,0.312802878699,0.273541552511,0.257765528439,attribute_1,平易近人,我,平易近人-我
0.0,0.0,0.285956265979,0.245759485375,0.215615258991,attribute_1,平易近人,自己,平易近人-自己
0.0,0.0,0.321573027415,0.323071021402,0.29299270076,attribute_1,平易近人,我们,平易近人-我们
0.0,0.0,0.0,0.0,0.0,attribute_1,平易近人,我的,平易近人-我的
0.0,0.0,0.0,0.0,0.0,attribute_1,平易近人,我们的,平易近人-我们的
0.0,0.0,0.0,0.160169352097,0.154854049793,attribute_1,慈善,我,慈善-我
0.0,0.0,0.0,0.181717705949,0.136074692006,attribute_1,慈善,自己,慈善-自己
0.0,0.0,0.0,0.155045073529,0.120018986552,attribute_1,慈善,我们,慈善-我们
0.0,0.0,0.0,0.0,0.0,attribute_1,慈善,我的,慈善-我的
0.0,0.0,0.0,0.0,0.0,attribute_1,慈善,我们的,慈善-我们的
0.0,0.0,0.284352092779,0.152064141545,0.185493717377,attribute_1,对话,我,对话-我
0.0,0.0,0.24813908702,0.0605313146447,0.0313046989266,attribute_1,对话,自己,对话-自己
0.0,0.0,0.215765713069,0.150136403543,0.148761665036,attribute_1,对话,我们,对话-我们
0.0,0.0,0.0,0.0,0.0,attribute_1,对话,我的,对话-我的
0.0,0.0,0.0,0.0,0.0,attribute_1,对话,我们的,对话-我们的
0.0,0.0,0.0,0.210681750533,0.163526860225,attribute_1,赠送,我,赠送-我
0.0,0.0,0.0,0.144643091525,0.134900439049,attribute_1,赠送,自己,赠送-自己
0.0,0.0,0.0,0.179335887388,0.208760476507,attribute_1,赠送,我们,赠送-我们
0.0,0.0,0.0,0.0,0.0,attribute_1,赠送,我的,赠送-我的
0.0,0.0,0.0,0.0,0.0,attribute_1,赠送,我们的,赠送-我们的
0.0,0.0,0.0,0.23834115338,0.230894070242,attribute_1,赞美,我,赞美-我
0.0,0.0,0.0,0.197271293339,0.157978123274,attribute_1,赞美,自己,赞美-自己
0.0,0.0,0.0,0.210369847545,0.290655256866,attribute_1,赞美,我们,赞美-我们
0.0,0.0,0.0,0.0,0.0,attribute_1,赞美,我的,赞美-我的
0.0,0.0,0.0,0.0,0.0,attribute_1,赞美,我们的,赞美-我们的
0.0,0.0,0.0,0.0,0.0,attribute_1,善行,我,善行-我
0.0,0.0,0.0,0.0,0.0,attribute_1,善行,自己,善行-自己
0.0,0.0,0.0,0.0,0.0,attribute_1,善行,我们,善行-我们
0.0,0.0,0.0,0.0,0.0,attribute_1,善行,我的,善行-我的
0.0,0.0,0.0,0.0,0.0,attribute_1,善行,我们的,善行-我们的
0.0,0.0,0.220524955313,0.218160713557,0.12652700067,attribute_1,无情,我,无情-我
0.0,0.0,0.189918819489,0.11874167642,0.171404080856,attribute_1,无情,自己,无情-自己
0.0,0.0,0.190127001656,0.201596378357,0.133626271403,attribute_1,无情,我们,无情-我们
0.0,0.0,0.0,0.0,0.0,attribute_1,无情,我的,无情-我的
0.0,0.0,0.0,0.0,0.0,attribute_1,无情,我们的,无情-我们的
0.0,0.0,0.266878726831,0.20486956016,0.219430142989,attribute_1,称赞,我,称赞-我
0.0,0.0,0.209688613741,0.0960475725843,0.107967527804,attribute_1,称赞,自己,称赞-自己
0.0,0.0,0.288677183196,0.18557190603,0.240789974513,attribute_1,称赞,我们,称赞-我们
0.0,0.0,0.0,0.0,0.0,attribute_1,称赞,我的,称赞-我的
0.0,0.0,0.0,0.0,0.0,attribute_1,称赞,我们的,称赞-我们的
0.0,0.0,0.0,0.0,0.0,attribute_1,靠谱,我,靠谱-我
0.0,0.0,0.0,0.0,0.0,attribute_1,靠谱,自己,靠谱-自己
0.0,0.0,0.0,0.0,0.0,attribute_1,靠谱,我们,靠谱-我们
0.0,0.0,0.0,0.0,0.0,attribute_1,靠谱,我的,靠谱-我的
0.0,0.0,0.0,0.0,0.0,attribute_1,靠谱,我们的,靠谱-我们的
0.0,0.0,0.0,0.150261286772,0.0798200323618,attribute_1,诚实,我,诚实-我
0.0,0.0,0.0,0.202664871456,0.133295262968,attribute_1,诚实,自己,诚实-自己
0.0,0.0,0.0,0.161270983369,0.0706648410167,attribute_1,诚实,我们,诚实-我们
0.0,0.0,0.0,0.0,0.0,attribute_1,诚实,我的,诚实-我的
0.0,0.0,0.0,0.0,0.0,attribute_1,诚实,我们的,诚实-我们的
0.0,0.0,0.128713925256,0.114517147777,0.0790394790474,attribute_1,导师,我,导师-我
0.0,0.0,0.124520717108,0.0967993731436,0.104718675709,attribute_1,导师,自己,导师-自己
0.0,0.0,0.204709466952,0.218033913606,0.131528068516,attribute_1,导师,我们,导师-我们
0.0,0.0,0.0,0.0,0.0,attribute_1,导师,我的,导师-我的
0.0,0.0,0.0,0.0,0.0,attribute_1,导师,我们的,导师-我们的
0.0,0.0,0.0,0.0,0.0,attribute_1,偏袒,我,偏袒-我
0.0,0.0,0.0,0.0,0.0,attribute_1,偏袒,自己,偏袒-自己
0.0,0.0,0.0,0.0,0.0,attribute_1,偏袒,我们,偏袒-我们
0.0,0.0,0.0,0.0,0.0,attribute_1,偏袒,我的,偏袒-我的
0.0,0.0,0.0,0.0,0.0,attribute_1,偏袒,我们的,偏袒-我们的
0.296822401769,0.260642367576,0.208453742018,0.120125826016,0.0661813837127,attribute_1,整体,我,整体-我
0.409742793467,0.357800202382,0.158098478919,0.116229922606,0.120648280565,attribute_1,整体,自己,整体-自己
0.35071739898,0.278929479167,0.240681508635,0.129452479639,0.126605296566,attribute_1,整体,我们,整体-我们
0.0,0.0,0.0,0.0,0.0,attribute_1,整体,我的,整体-我的
0.0,0.0,0.0,0.0,0.0,attribute_1,整体,我们的,整体-我们的
0.0,0.0,0.208826803514,0.0971977198441,0.0660842528298,attribute_1,含有,我,含有-我
0.0,0.0,0.215034277051,0.0288989536156,0.110187011222,attribute_1,含有,自己,含有-自己
0.0,0.0,0.25510399204,0.0710548323964,0.0716533228342,attribute_1,含有,我们,含有-我们
0.0,0.0,0.0,0.0,0.0,attribute_1,含有,我的,含有-我的
0.0,0.0,0.0,0.0,0.0,attribute_1,含有,我们的,含有-我们的
0.0025993474441,0.0,0.14456498772,0.0904888024069,0.0771994200619,attribute_1,污染,我,污染-我
0.276881622956,0.0,0.208829844596,0.077281708008,0.000459380285607,attribute_1,污染,自己,污染-自己
0.120945466651,0.0,0.150048773824,0.0739562325285,0.065360785635,attribute_1,污染,我们,污染-我们
0.0,0.0,0.0,0.0,0.0,attribute_1,污染,我的,污染-我的
0.0,0.0,0.0,0.0,0.0,attribute_1,污染,我们的,污染-我们的
0.0,0.0,0.0,0.0622885066331,0.043103599714,attribute_1,应对,我,应对-我
0.0,0.0,0.0,0.0472377402846,0.0927678533559,attribute_1,应对,自己,应对-自己
0.0,0.0,0.0,0.0943050654568,0.0862824081785,attribute_1,应对,我们,应对-我们
0.0,0.0,0.0,0.0,0.0,attribute_1,应对,我的,应对-我的
0.0,0.0,0.0,0.0,0.0,attribute_1,应对,我们的,应对-我们的
0.0644990739042,0.224333244428,0.123478054985,0.113307633503,0.0661888997278,attribute_1,保护,我,保护-我
0.309200536063,0.40837620462,0.207851584945,0.150524388033,0.140064644211,attribute_1,保护,自己,保护-自己
0.13378448466,0.248501850177,0.111178319697,0.069799465288,0.0623541849814,attribute_1,保护,我们,保护-我们
0.0,0.0,0.0,0.0,0.0,attribute_1,保护,我的,保护-我的
0.0,0.0,0.0,0.0,0.0,attribute_1,保护,我们的,保护-我们的
0.0,0.0,0.0,0.0,0.0,attribute_1,体贴,我,体贴-我
0.0,0.0,0.0,0.0,0.0,attribute_1,体贴,自己,体贴-自己
0.0,0.0,0.0,0.0,0.0,attribute_1,体贴,我们,体贴-我们
0.0,0.0,0.0,0.0,0.0,attribute_1,体贴,我的,体贴-我的
0.0,0.0,0.0,0.0,0.0,attribute_1,体贴,我们的,体贴-我们的
0.0,0.0,0.0,0.0,0.141628862613,attribute_1,团伙,我,团伙-我
0.0,0.0,0.0,0.0,0.204964689578,attribute_1,团伙,自己,团伙-自己
0.0,0.0,0.0,0.0,0.201125051786,attribute_1,团伙,我们,团伙-我们
0.0,0.0,0.0,0.0,0.0,attribute_1,团伙,我的,团伙-我的
0.0,0.0,0.0,0.0,0.0,attribute_1,团伙,我们的,团伙-我们的
0.0,0.0,0.177105540361,0.153827804974,0.187137539037,attribute_1,创伤,我,创伤-我
0.0,0.0,0.223401190822,0.105239302551,0.173991986696,attribute_1,创伤,自己,创伤-自己
0.0,0.0,0.208238327879,0.159980626818,0.134988621311,attribute_1,创伤,我们,创伤-我们
0.0,0.0,0.0,0.0,0.0,attribute_1,创伤,我的,创伤-我的
0.0,0.0,0.0,0.0,0.0,attribute_1,创伤,我们的,创伤-我们的
0.366555717098,0.366328029778,0.143463551786,0.141764596039,0.177061897712,attribute_1,地球,我,地球-我
0.342290068936,0.412888098594,0.158634914818,0.101444827187,0.101693323862,attribute_1,地球,自己,地球-自己
0.353169252192,0.308865752878,0.19428028487,0.125312068709,0.145529767467,attribute_1,地球,我们,地球-我们
0.0,0.0,0.0,0.0,0.0,attribute_1,地球,我的,地球-我的
0.0,0.0,0.0,0.0,0.0,attribute_1,地球,我们的,地球-我们的
0.0,0.0,0.0,0.292666134484,0.203473914071,attribute_1,无私,我,无私-我
0.0,0.0,0.0,0.30204789199,0.225291995903,attribute_1,无私,自己,无私-自己
0.0,0.0,0.0,0.273021430957,0.226248409284,attribute_1,无私,我们,无私-我们
0.0,0.0,0.0,0.0,0.0,attribute_1,无私,我的,无私-我的
0.0,0.0,0.0,0.0,0.0,attribute_1,无私,我们的,无私-我们的
0.204936245294,0.209650309409,0.157535793151,0.14404181557,0.155304881478,attribute_1,集体,我,集体-我
0.36773942729,0.385229251463,0.22792145975,0.198129408319,0.157335031883,attribute_1,集体,自己,集体-自己
0.300939091118,0.249012878242,0.165982463714,0.157333025176,0.114320872728,attribute_1,集体,我们,集体-我们
0.0,0.0,0.0,0.0,0.0,attribute_1,集体,我的,集体-我的
0.0,0.0,0.0,0.0,0.0,attribute_1,集体,我们的,集体-我们的
0.0,0.0,0.271909358404,0.0794857101449,0.116452680525,attribute_1,相等,我,相等-我
0.0,0.0,0.274806860001,0.115972864593,0.154777673438,attribute_1,相等,自己,相等-自己
0.0,0.0,0.240814189636,0.142625053187,0.187624319193,attribute_1,相等,我们,相等-我们
0.0,0.0,0.0,0.0,0.0,attribute_1,相等,我的,相等-我的
0.0,0.0,0.0,0.0,0.0,attribute_1,相等,我们的,相等-我们的
0.0,0.0,0.0,0.199855274222,0.143015160938,attribute_1,热心,我,热心-我
0.0,0.0,0.0,0.130802760055,0.113419162743,attribute_1,热心,自己,热心-自己
0.0,0.0,0.0,0.126912577818,0.207808036462,attribute_1,热心,我们,热心-我们
0.0,0.0,0.0,0.0,0.0,attribute_1,热心,我的,热心-我的
0.0,0.0,0.0,0.0,0.0,attribute_1,热心,我们的,热心-我们的
0.0,0.0,0.0,0.0,0.0,attribute_1,团队,我,团队-我
0.0,0.0,0.0,0.0,0.0,attribute_1,团队,自己,团队-自己
0.0,0.0,0.0,0.0,0.0,attribute_1,团队,我们,团队-我们
0.0,0.0,0.0,0.0,0.0,attribute_1,团队,我的,团队-我的
0.0,0.0,0.0,0.0,0.0,attribute_1,团队,我们的,团队-我们的
0.278925112823,0.270378276242,0.206574474025,0.173885810893,0.0851504576601,attribute_1,配合,我,配合-我
0.326238390393,0.241083450193,0.115874059805,0.050177163272,0.0643743943662,attribute_1,配合,自己,配合-自己
0.473461717564,0.339869541241,0.251157137947,0.0880386330884,0.136712031458,attribute_1,配合,我们,配合-我们
0.0,0.0,0.0,0.0,0.0,attribute_1,配合,我的,配合-我的
0.0,0.0,0.0,0.0,0.0,attribute_1,配合,我们的,配合-我们的
0.0,0.0,0.14728749394,0.120430812505,0.0926928826406,attribute_1,歧视,我,歧视-我
0.0,0.0,0.245326594836,0.0851103139941,0.107178877673,attribute_1,歧视,自己,歧视-自己
0.0,0.0,0.201527056235,0.0418853728148,0.0886809779352,attribute_1,歧视,我们,歧视-我们
0.0,0.0,0.0,0.0,0.0,attribute_1,歧视,我的,歧视-我的
0.0,0.0,0.0,0.0,0.0,attribute_1,歧视,我们的,歧视-我们的
0.157755808498,0.0,0.225289805921,0.0991261677775,0.110165167302,attribute_1,正当,我,正当-我
0.421492859659,0.0,0.213647510853,0.0552954660328,0.11327744133,attribute_1,正当,自己,正当-自己
0.255993322483,0.0,0.169357646675,0.11164657564,0.113103828183,attribute_1,正当,我们,正当-我们
0.0,0.0,0.0,0.0,0.0,attribute_1,正当,我的,正当-我的
0.0,0.0,0.0,0.0,0.0,attribute_1,正当,我们的,正当-我们的
0.0,0.330919798978,0.198610148379,0.145908664523,0.134238329958,attribute_1,崇高,我,崇高-我
0.0,0.442456286374,0.273683210401,0.199572257719,0.249474261127,attribute_1,崇高,自己,崇高-自己
0.0,0.395737297145,0.212288192096,0.186334033934,0.233936514192,attribute_1,崇高,我们,崇高-我们
0.0,0.0,0.0,0.0,0.0,attribute_1,崇高,我的,崇高-我的
0.0,0.0,0.0,0.0,0.0,attribute_1,崇高,我们的,崇高-我们的
0.176409696956,0.0,0.222164304629,0.10988636966,0.0557213356369,attribute_1,多元,我,多元-我
0.198500961862,0.0,0.249677901635,0.109115120656,0.10031710925,attribute_1,多元,自己,多元-自己
0.112598743168,0.0,0.149939566514,0.0972313261744,0.124352136844,attribute_1,多元,我们,多元-我们
0.0,0.0,0.0,0.0,0.0,attribute_1,多元,我的,多元-我的
0.0,0.0,0.0,0.0,0.0,attribute_1,多元,我们的,多元-我们的
0.0,0.0,0.0,0.0,0.0,attribute_1,意识到,我,意识到-我
0.0,0.0,0.0,0.0,0.0,attribute_1,意识到,自己,意识到-自己
0.0,0.0,0.0,0.0,0.0,attribute_1,意识到,我们,意识到-我们
0.0,0.0,0.0,0.0,0.0,attribute_1,意识到,我的,意识到-我的
0.0,0.0,0.0,0.0,0.0,attribute_1,意识到,我们的,意识到-我们的
0.0,0.0,0.0,0.217952118466,0.097254206436,attribute_1,安宁,我,安宁-我
0.0,0.0,0.0,0.207926819616,0.136721056521,attribute_1,安宁,自己,安宁-自己
0.0,0.0,0.0,0.195633359616,0.229287767392,attribute_1,安宁,我们,安宁-我们
0.0,0.0,0.0,0.0,0.0,attribute_1,安宁,我的,安宁-我的
0.0,0.0,0.0,0.0,0.0,attribute_1,安宁,我们的,安宁-我们的
0.0,0.0,0.218327375298,0.113950407906,0.0514919349053,attribute_1,准则,我,准则-我
0.0,0.0,0.234743885477,0.119194902531,0.051721387702,attribute_1,准则,自己,准则-自己
0.0,0.0,0.31741991423,0.164902239405,0.138315737604,attribute_1,准则,我们,准则-我们
0.0,0.0,0.0,0.0,0.0,attribute_1,准则,我的,准则-我的
0.0,0.0,0.0,0.0,0.0,attribute_1,准则,我们的,准则-我们的
0.0,0.0,0.0,0.0,0.0,attribute_1,吐露,我,吐露-我
0.0,0.0,0.0,0.0,0.0,attribute_1,吐露,自己,吐露-自己
0.0,0.0,0.0,0.0,0.0,attribute_1,吐露,我们,吐露-我们
0.0,0.0,0.0,0.0,0.0,attribute_1,吐露,我的,吐露-我的
0.0,0.0,0.0,0.0,0.0,attribute_1,吐露,我们的,吐露-我们的
0.321874976519,0.307169039503,0.228002735625,0.196336806192,0.153076058087,attribute_1,帮助,我,帮助-我
0.315772001044,0.331419880194,0.173743139543,0.135300591339,0.0910646992822,attribute_1,帮助,自己,帮助-自己
0.488883356885,0.349337788726,0.259153385724,0.21334059424,0.235589614598,attribute_1,帮助,我们,帮助-我们
0.0,0.0,0.0,0.0,0.0,attribute_1,帮助,我的,帮助-我的
0.0,0.0,0.0,0.0,0.0,attribute_1,帮助,我们的,帮助-我们的
0.0,0.0,0.0,0.206593231589,0.207767795233,attribute_1,谅解,我,谅解-我
0.0,0.0,0.0,0.148301787857,0.126976860429,attribute_1,谅解,自己,谅解-自己
0.0,0.0,0.0,0.233626974008,0.188619284353,attribute_1,谅解,我们,谅解-我们
0.0,0.0,0.0,0.0,0.0,attribute_1,谅解,我的,谅解-我的
0.0,0.0,0.0,0.0,0.0,attribute_1,谅解,我们的,谅解-我们的
0.140769225181,0.33585100067,0.211134294396,0.130375853201,0.0740951331593,attribute_1,可靠,我,可靠-我
0.437100739368,0.336169125219,0.141706692311,0.176903049147,0.155290805468,attribute_1,可靠,自己,可靠-自己
0.284952991555,0.354822970277,0.211925218087,0.104660390293,0.146099345644,attribute_1,可靠,我们,可靠-我们
0.0,0.0,0.0,0.0,0.0,attribute_1,可靠,我的,可靠-我的
0.0,0.0,0.0,0.0,0.0,attribute_1,可靠,我们的,可靠-我们的
0.0,0.0,0.0,0.109953132532,0.14952661696,attribute_1,分担,我,分担-我
0.0,0.0,0.0,0.177450714733,0.242578587365,attribute_1,分担,自己,分担-自己
0.0,0.0,0.0,0.142102359764,0.052564131433,attribute_1,分担,我们,分担-我们
0.0,0.0,0.0,0.0,0.0,attribute_1,分担,我的,分担-我的
0.0,0.0,0.0,0.0,0.0,attribute_1,分担,我们的,分担-我们的
0.0,0.0,0.213476634059,0.0845163247527,0.170411879224,attribute_1,敏感,我,敏感-我
0.0,0.0,0.203941080976,0.0891895792813,0.0971380273486,attribute_1,敏感,自己,敏感-自己
0.0,0.0,0.250181864291,0.103423406104,0.145519784529,attribute_1,敏感,我们,敏感-我们
0.0,0.0,0.0,0.0,0.0,attribute_1,敏感,我的,敏感-我的
0.0,0.0,0.0,0.0,0.0,attribute_1,敏感,我们的,敏感-我们的
0.0,0.0,0.0,0.0,0.0,attribute_1,无偏见,我,无偏见-我
0.0,0.0,0.0,0.0,0.0,attribute_1,无偏见,自己,无偏见-自己
0.0,0.0,0.0,0.0,0.0,attribute_1,无偏见,我们,无偏见-我们
0.0,0.0,0.0,0.0,0.0,attribute_1,无偏见,我的,无偏见-我的
0.0,0.0,0.0,0.0,0.0,attribute_1,无偏见,我们的,无偏见-我们的
0.0,0.0,0.0,0.0,0.477530490978,attribute_1,好心,我,好心-我
0.0,0.0,0.0,0.0,0.2652115183,attribute_1,好心,自己,好心-自己
0.0,0.0,0.0,0.0,0.360557014792,attribute_1,好心,我们,好心-我们
0.0,0.0,0.0,0.0,0.0,attribute_1,好心,我的,好心-我的
0.0,0.0,0.0,0.0,0.0,attribute_1,好心,我们的,好心-我们的
0.335215910627,0.316694124389,0.260284696881,0.182034169811,0.134015403933,attribute_1,互相,我,互相-我
0.312277123541,0.328146888162,0.156117286995,0.151580838016,0.0866503001101,attribute_1,互相,自己,互相-自己
0.463727577729,0.285703316775,0.294961576715,0.199828020202,0.187868040869,attribute_1,互相,我们,互相-我们
0.0,0.0,0.0,0.0,0.0,attribute_1,互相,我的,互相-我的
0.0,0.0,0.0,0.0,0.0,attribute_1,互相,我们的,互相-我们的
0.0,0.0,0.0,0.0,0.0,attribute_1,贤良,我,贤良-我
0.0,0.0,0.0,0.0,0.0,attribute_1,贤良,自己,贤良-自己
0.0,0.0,0.0,0.0,0.0,attribute_1,贤良,我们,贤良-我们
0.0,0.0,0.0,0.0,0.0,attribute_1,贤良,我的,贤良-我的
0.0,0.0,0.0,0.0,0.0,attribute_1,贤良,我们的,贤良-我们的
0.0,0.0,0.0,0.0,0.0,attribute_1,共情,我,共情-我
0.0,0.0,0.0,0.0,0.0,attribute_1,共情,自己,共情-自己
0.0,0.0,0.0,0.0,0.0,attribute_1,共情,我们,共情-我们
0.0,0.0,0.0,0.0,0.0,attribute_1,共情,我的,共情-我的
0.0,0.0,0.0,0.0,0.0,attribute_1,共情,我们的,共情-我们的
0.0,0.0,0.0,0.0,0.0,attribute_1,恭维,我,恭维-我
0.0,0.0,0.0,0.0,0.0,attribute_1,恭维,自己,恭维-自己
0.0,0.0,0.0,0.0,0.0,attribute_1,恭维,我们,恭维-我们
0.0,0.0,0.0,0.0,0.0,attribute_1,恭维,我的,恭维-我的
0.0,0.0,0.0,0.0,0.0,attribute_1,恭维,我们的,恭维-我们的
0.0,0.0,0.411040853913,0.311466545768,0.23686955112,attribute_1,交谈,我,交谈-我
0.0,0.0,0.256144537314,0.139098124221,0.143326119943,attribute_1,交谈,自己,交谈-自己
0.0,0.0,0.331640829675,0.255594702188,0.171403092571,attribute_1,交谈,我们,交谈-我们
0.0,0.0,0.0,0.0,0.0,attribute_1,交谈,我的,交谈-我的
0.0,0.0,0.0,0.0,0.0,attribute_1,交谈,我们的,交谈-我们的
0.0,0.0,0.0,0.0,0.0,attribute_1,卷入,我,卷入-我
0.0,0.0,0.0,0.0,0.0,attribute_1,卷入,自己,卷入-自己
0.0,0.0,0.0,0.0,0.0,attribute_1,卷入,我们,卷入-我们
0.0,0.0,0.0,0.0,0.0,attribute_1,卷入,我的,卷入-我的
0.0,0.0,0.0,0.0,0.0,attribute_1,卷入,我们的,卷入-我们的
0.1247367393,0.0,0.117990396625,0.0882295820407,0.111048934004,attribute_1,自愿,我,自愿-我
0.343365768631,0.0,0.209230497743,0.0827700104352,0.111092315428,attribute_1,自愿,自己,自愿-自己
0.299086914945,0.0,0.173130763681,0.113229208738,0.14418219539,attribute_1,自愿,我们,自愿-我们
0.0,0.0,0.0,0.0,0.0,attribute_1,自愿,我的,自愿-我的
0.0,0.0,0.0,0.0,0.0,attribute_1,自愿,我们的,自愿-我们的
0.199087629876,0.270038580185,0.17400003933,0.106311446602,0.14319577394,attribute_1,相互,我,相互-我
0.207590957043,0.30170543356,0.118305361734,0.128148922565,0.132346953547,attribute_1,相互,自己,相互-自己
0.337750707733,0.28424087354,0.301399221666,0.118257785995,0.134872186599,attribute_1,相互,我们,相互-我们
0.0,0.0,0.0,0.0,0.0,attribute_1,相互,我的,相互-我的
0.0,0.0,0.0,0.0,0.0,attribute_1,相互,我们的,相互-我们的
0.0,0.0,0.0,0.215251232546,0.140367518286,attribute_1,捐献,我,捐献-我
0.0,0.0,0.0,0.112888076376,0.10567613951,attribute_1,捐献,自己,捐献-自己
0.0,0.0,0.0,0.102561072099,0.200775504933,attribute_1,捐献,我们,捐献-我们
0.0,0.0,0.0,0.0,0.0,attribute_1,捐献,我的,捐献-我的
0.0,0.0,0.0,0.0,0.0,attribute_1,捐献,我们的,捐献-我们的
0.0,0.0,0.0,0.0,0.0,attribute_1,滋养,我,滋养-我
0.0,0.0,0.0,0.0,0.0,attribute_1,滋养,自己,滋养-自己
0.0,0.0,0.0,0.0,0.0,attribute_1,滋养,我们,滋养-我们
0.0,0.0,0.0,0.0,0.0,attribute_1,滋养,我的,滋养-我的
0.0,0.0,0.0,0.0,0.0,attribute_1,滋养,我们的,滋养-我们的
0.290145914082,0.209882567441,0.146499204481,0.123350902287,0.0314325657873,attribute_1,平均,我,平均-我
0.317718636387,0.270220307441,0.21681893803,0.0143362585453,0.0232784890341,attribute_1,平均,自己,平均-自己
0.216446912733,0.231512088309,0.122785851954,0.0766242622513,-0.0120389522192,attribute_1,平均,我们,平均-我们
0.0,0.0,0.0,0.0,0.0,attribute_1,平均,我的,平均-我的
0.0,0.0,0.0,0.0,0.0,attribute_1,平均,我们的,平均-我们的
0.0,0.0,0.0,0.259630480112,0.236658139093,attribute_1,忍耐,我,忍耐-我
0.0,0.0,0.0,0.253290982708,0.208103067559,attribute_1,忍耐,自己,忍耐-自己
0.0,0.0,0.0,0.273114838222,0.191690729932,attribute_1,忍耐,我们,忍耐-我们
0.0,0.0,0.0,0.0,0.0,attribute_1,忍耐,我的,忍耐-我的
0.0,0.0,0.0,0.0,0.0,attribute_1,忍耐,我们的,忍耐-我们的
0.0,0.0,0.282670347521,0.152764270241,0.15657755381,attribute_1,照顾,我,照顾-我
0.0,0.0,0.256574444117,0.150420623167,0.132155687407,attribute_1,照顾,自己,照顾-自己
0.0,0.0,0.240321680463,0.179013363377,0.162454523478,attribute_1,照顾,我们,照顾-我们
0.0,0.0,0.0,0.0,0.0,attribute_1,照顾,我的,照顾-我的
0.0,0.0,0.0,0.0,0.0,attribute_1,照顾,我们的,照顾-我们的
0.19257139514,0.233750887277,0.167498526281,0.100556515877,0.11180162621,attribute_1,依赖,我,依赖-我
0.269218489207,0.302869901415,0.176115954805,0.126794865411,0.0532696618228,attribute_1,依赖,自己,依赖-自己
0.287533058534,0.224923579477,0.207016792723,0.0441350419764,0.0862814352816,attribute_1,依赖,我们,依赖-我们
0.0,0.0,0.0,0.0,0.0,attribute_1,依赖,我的,依赖-我的
0.0,0.0,0.0,0.0,0.0,attribute_1,依赖,我们的,依赖-我们的
0.0,0.0,0.0,0.0,0.0,attribute_1,听信,我,听信-我
0.0,0.0,0.0,0.0,0.0,attribute_1,听信,自己,听信-自己
0.0,0.0,0.0,0.0,0.0,attribute_1,听信,我们,听信-我们
0.0,0.0,0.0,0.0,0.0,attribute_1,听信,我的,听信-我的
0.0,0.0,0.0,0.0,0.0,attribute_1,听信,我们的,听信-我们的
0.0,0.0,0.0,0.0,0.0,attribute_1,互赢,我,互赢-我
0.0,0.0,0.0,0.0,0.0,attribute_1,互赢,自己,互赢-自己
0.0,0.0,0.0,0.0,0.0,attribute_1,互赢,我们,互赢-我们
0.0,0.0,0.0,0.0,0.0,attribute_1,互赢,我的,互赢-我的
0.0,0.0,0.0,0.0,0.0,attribute_1,互赢,我们的,互赢-我们的
0.0515914889598,0.0,0.149912979494,0.101289177134,0.0579636706981,attribute_1,便利,我,便利-我
0.325564504327,0.0,0.161350081912,0.126858245114,0.180633118976,attribute_1,便利,自己,便利-自己
0.189598945039,0.0,0.138873087789,0.0905187009398,0.109485163757,attribute_1,便利,我们,便利-我们
0.0,0.0,0.0,0.0,0.0,attribute_1,便利,我的,便利-我的
0.0,0.0,0.0,0.0,0.0,attribute_1,便利,我们的,便利-我们的
0.0,0.0,0.383916754211,0.21602229875,0.35572518955,attribute_1,愉快,我,愉快-我
0.0,0.0,0.289424725341,0.178108674124,0.236478904704,attribute_1,愉快,自己,愉快-自己
0.0,0.0,0.280665002097,0.218723894405,0.231989543124,attribute_1,愉快,我们,愉快-我们
0.0,0.0,0.0,0.0,0.0,attribute_1,愉快,我的,愉快-我的
0.0,0.0,0.0,0.0,0.0,attribute_1,愉快,我们的,愉快-我们的
0.0,0.0,0.0,0.423426528336,0.47355228558,attribute_1,温柔,我,温柔-我
0.0,0.0,0.0,0.351278207459,0.357147888915,attribute_1,温柔,自己,温柔-自己
0.0,0.0,0.0,0.268564925912,0.297394307149,attribute_1,温柔,我们,温柔-我们
0.0,0.0,0.0,0.0,0.0,attribute_1,温柔,我的,温柔-我的
0.0,0.0,0.0,0.0,0.0,attribute_1,温柔,我们的,温柔-我们的
0.0,0.0,0.0,0.0,0.0,attribute_1,惬意,我,惬意-我
0.0,0.0,0.0,0.0,0.0,attribute_1,惬意,自己,惬意-自己
0.0,0.0,0.0,0.0,0.0,attribute_1,惬意,我们,惬意-我们
0.0,0.0,0.0,0.0,0.0,attribute_1,惬意,我的,惬意-我的
0.0,0.0,0.0,0.0,0.0,attribute_1,惬意,我们的,惬意-我们的
0.0,0.0,0.0,0.0,0.00735730360221,attribute_1,接纳,我,接纳-我
0.0,0.0,0.0,0.0,0.0547939890743,attribute_1,接纳,自己,接纳-自己
0.0,0.0,0.0,0.0,0.080987819722,attribute_1,接纳,我们,接纳-我们
0.0,0.0,0.0,0.0,0.0,attribute_1,接纳,我的,接纳-我的
0.0,0.0,0.0,0.0,0.0,attribute_1,接纳,我们的,接纳-我们的
0.256556461187,0.265493758768,0.148090414597,0.0509843666855,0.0592195837888,attribute_1,贡献,我,贡献-我
0.397016446563,0.39732063733,0.211169279806,0.178523648122,0.128856436377,attribute_1,贡献,自己,贡献-自己
0.390688377127,0.25835846916,0.178623695015,0.133431892352,0.0996559440713,attribute_1,贡献,我们,贡献-我们
0.0,0.0,0.0,0.0,0.0,attribute_1,贡献,我的,贡献-我的
0.0,0.0,0.0,0.0,0.0,attribute_1,贡献,我们的,贡献-我们的
0.0,0.0,0.0,0.0,0.0,attribute_1,挂念,我,挂念-我
0.0,0.0,0.0,0.0,0.0,attribute_1,挂念,自己,挂念-自己
0.0,0.0,0.0,0.0,0.0,attribute_1,挂念,我们,挂念-我们
0.0,0.0,0.0,0.0,0.0,attribute_1,挂念,我的,挂念-我的
0.0,0.0,0.0,0.0,0.0,attribute_1,挂念,我们的,挂念-我们的
0.0,0.0,0.0,0.257577045626,0.197662552517,attribute_1,融洽,我,融洽-我
0.0,0.0,0.0,0.192431292319,0.154546237295,attribute_1,融洽,自己,融洽-自己
0.0,0.0,0.0,0.266949047808,0.156362651336,attribute_1,融洽,我们,融洽-我们
0.0,0.0,0.0,0.0,0.0,attribute_1,融洽,我的,融洽-我的
0.0,0.0,0.0,0.0,0.0,attribute_1,融洽,我们的,融洽-我们的
0.0888220675312,0.156929941556,0.0703783559402,0.094151366629,0.0929733795792,attribute_1,完整,我,完整-我
0.309332301636,0.262074575463,0.245272742268,0.210335995433,0.151043986169,attribute_1,完整,自己,完整-自己
0.200302992037,0.162638699437,0.118055993743,0.0197950152798,0.0785345573128,attribute_1,完整,我们,完整-我们
0.0,0.0,0.0,0.0,0.0,attribute_1,完整,我的,完整-我的
0.0,0.0,0.0,0.0,0.0,attribute_1,完整,我们的,完整-我们的
0.0,0.0,0.0,0.444974141042,0.37002509543,attribute_1,好意,我,好意-我
0.0,0.0,0.0,0.254962165739,0.280521990392,attribute_1,好意,自己,好意-自己
0.0,0.0,0.0,0.355865805111,0.305270511817,attribute_1,好意,我们,好意-我们
0.0,0.0,0.0,0.0,0.0,attribute_1,好意,我的,好意-我的
0.0,0.0,0.0,0.0,0.0,attribute_1,好意,我们的,好意-我们的
0.0,0.0,0.0,0.0,0.0,attribute_1,爱慕,我,爱慕-我
0.0,0.0,0.0,0.0,0.0,attribute_1,爱慕,自己,爱慕-自己
0.0,0.0,0.0,0.0,0.0,attribute_1,爱慕,我们,爱慕-我们
0.0,0.0,0.0,0.0,0.0,attribute_1,爱慕,我的,爱慕-我的
0.0,0.0,0.0,0.0,0.0,attribute_1,爱慕,我们的,爱慕-我们的
0.0,0.0,0.0,0.3282598702,0.398593669178,attribute_1,怜悯,我,怜悯-我
0.0,0.0,0.0,0.305892829876,0.434475409162,attribute_1,怜悯,自己,怜悯-自己
0.0,0.0,0.0,0.335951772443,0.295458185894,attribute_1,怜悯,我们,怜悯-我们
0.0,0.0,0.0,0.0,0.0,attribute_1,怜悯,我的,怜悯-我的
0.0,0.0,0.0,0.0,0.0,attribute_1,怜悯,我们的,怜悯-我们的
0.0,0.0,0.0,0.228943546127,0.132049093151,attribute_1,支撑,我,支撑-我
0.0,0.0,0.0,0.212068278231,0.0405337015358,attribute_1,支撑,自己,支撑-自己
0.0,0.0,0.0,0.238192288893,0.196192769837,attribute_1,支撑,我们,支撑-我们
0.0,0.0,0.0,0.0,0.0,attribute_1,支撑,我的,支撑-我的
0.0,0.0,0.0,0.0,0.0,attribute_1,支撑,我们的,支撑-我们的
0.3185886639,0.343419005554,0.20498779776,0.180878922189,0.112277231154,attribute_1,接受,我,接受-我
0.364272555266,0.315190206682,0.204481948548,0.126993115809,0.151323938997,attribute_1,接受,自己,接受-自己
0.409171552465,0.352406548394,0.231898897949,0.210129579079,0.181373449437,attribute_1,接受,我们,接受-我们
0.0,0.0,0.0,0.0,0.0,attribute_1,接受,我的,接受-我的
0.0,0.0,0.0,0.0,0.0,attribute_1,接受,我们的,接受-我们的
0.0,0.0,0.231132089664,0.0471915759986,0.0594398136739,attribute_1,救济,我,救济-我
0.0,0.0,0.239307541403,0.0330476401623,-0.00329704457593,attribute_1,救济,自己,救济-自己
0.0,0.0,0.216254497251,0.0643756582171,0.0412441526752,attribute_1,救济,我们,救济-我们
0.0,0.0,0.0,0.0,0.0,attribute_1,救济,我的,救济-我的
0.0,0.0,0.0,0.0,0.0,attribute_1,救济,我们的,救济-我们的
0.0,0.0,0.236638649365,0.117208014651,0.194960475307,attribute_1,高尚,我,高尚-我
0.0,0.0,0.308811611256,0.148665799343,0.254465155219,attribute_1,高尚,自己,高尚-自己
0.0,0.0,0.260154818077,0.20492432872,0.174654739756,attribute_1,高尚,我们,高尚-我们
0.0,0.0,0.0,0.0,0.0,attribute_1,高尚,我的,高尚-我的
0.0,0.0,0.0,0.0,0.0,attribute_1,高尚,我们的,高尚-我们的
0.156333841892,0.237523805529,0.178979861905,0.133610685103,0.150117419661,attribute_1,人民,我,人民-我
0.211305096242,0.285998953563,0.161665952631,0.15260728772,0.145278548515,attribute_1,人民,自己,人民-自己
0.22587813202,0.252135477388,0.291164080131,0.201880482233,0.220309467227,attribute_1,人民,我们,人民-我们
0.0,0.0,0.0,0.0,0.0,attribute_1,人民,我的,人民-我的
0.0,0.0,0.0,0.0,0.0,attribute_1,人民,我们的,人民-我们的
0.0,0.0,0.0,0.109188446793,0.0719740596238,attribute_1,和谐,我,和谐-我
0.0,0.0,0.0,0.139476660329,0.0967990161365,attribute_1,和谐,自己,和谐-自己
0.0,0.0,0.0,0.0691583325162,0.0722537159629,attribute_1,和谐,我们,和谐-我们
0.0,0.0,0.0,0.0,0.0,attribute_1,和谐,我的,和谐-我的
0.0,0.0,0.0,0.0,0.0,attribute_1,和谐,我们的,和谐-我们的
0.146088361848,0.277599066447,0.170123714445,0.0741878574622,0.144632065124,attribute_1,义务,我,义务-我
0.384132944032,0.356910421015,0.196187850461,0.0864450185745,0.123327127887,attribute_1,义务,自己,义务-自己
0.210104400006,0.258631389749,0.229828819117,0.0834395697767,0.0681194692532,attribute_1,义务,我们,义务-我们
0.0,0.0,0.0,0.0,0.0,attribute_1,义务,我的,义务-我的
0.0,0.0,0.0,0.0,0.0,attribute_1,义务,我们的,义务-我们的
0.0,0.0,0.363283916789,0.271406484612,0.337280933392,attribute_1,担心,我,担心-我
0.0,0.0,0.230103473355,0.139927002174,0.174619518589,attribute_1,担心,自己,担心-自己
0.0,0.0,0.263032511688,0.218523364568,0.209542887754,attribute_1,担心,我们,担心-我们
0.0,0.0,0.0,0.0,0.0,attribute_1,担心,我的,担心-我的
0.0,0.0,0.0,0.0,0.0,attribute_1,担心,我们的,担心-我们的
0.16194028094,0.27530685177,0.184270585053,0.0961742802861,0.107997579006,attribute_1,适应,我,适应-我
0.276604829781,0.295337791673,0.136667318046,0.0780021894824,0.0877839781353,attribute_1,适应,自己,适应-自己
0.33694958264,0.250670673885,0.195548631589,0.124808150223,0.1798881854,attribute_1,适应,我们,适应-我们
0.0,0.0,0.0,0.0,0.0,attribute_1,适应,我的,适应-我的
0.0,0.0,0.0,0.0,0.0,attribute_1,适应,我们的,适应-我们的
0.363587834583,0.343409651202,0.178268574731,0.161089117326,0.163058164731,attribute_1,承认,我,承认-我
0.402099877219,0.274452608847,0.197904637802,0.113460577991,0.130189732471,attribute_1,承认,自己,承认-自己
0.387465151522,0.321131781396,0.200940689385,0.162129826855,0.180585016297,attribute_1,承认,我们,承认-我们
0.0,0.0,0.0,0.0,0.0,attribute_1,承认,我的,承认-我的
0.0,0.0,0.0,0.0,0.0,attribute_1,承认,我们的,承认-我们的
0.0,0.0,0.0,0.165076546493,0.0734824384471,attribute_1,习俗,我,习俗-我
0.0,0.0,0.0,0.134302277083,0.106835279828,attribute_1,习俗,自己,习俗-自己
0.0,0.0,0.0,0.171829672548,0.0781184334256,attribute_1,习俗,我们,习俗-我们
0.0,0.0,0.0,0.0,0.0,attribute_1,习俗,我的,习俗-我的
0.0,0.0,0.0,0.0,0.0,attribute_1,习俗,我们的,习俗-我们的
0.0,0.0,0.0,0.351457938932,0.280266596223,attribute_1,慷慨,我,慷慨-我
0.0,0.0,0.0,0.28538282431,0.234134581926,attribute_1,慷慨,自己,慷慨-自己
0.0,0.0,0.0,0.184062763474,0.251177498452,attribute_1,慷慨,我们,慷慨-我们
0.0,0.0,0.0,0.0,0.0,attribute_1,慷慨,我的,慷慨-我的
0.0,0.0,0.0,0.0,0.0,attribute_1,慷慨,我们的,慷慨-我们的
0.136839141252,0.268061259157,0.219854305123,0.164386369864,0.157358970505,attribute_1,友好,我,友好-我
0.0523125031712,0.219464278911,0.189711118161,0.0690770462002,0.0680009380371,attribute_1,友好,自己,友好-自己
0.249334596296,0.255584322864,0.224499535793,0.141088705496,0.142011501789,attribute_1,友好,我们,友好-我们
0.0,0.0,0.0,0.0,0.0,attribute_1,友好,我的,友好-我的
0.0,0.0,0.0,0.0,0.0,attribute_1,友好,我们的,友好-我们的
0.179157390386,0.364498246756,0.252528302485,0.109428634533,0.0923997555011,attribute_1,方便,我,方便-我
0.29326095162,0.328568982979,0.182155269907,0.122967300602,0.0870031421295,attribute_1,方便,自己,方便-自己
0.245588684394,0.274234342682,0.238013038396,0.135645446784,0.0920623269764,attribute_1,方便,我们,方便-我们
0.0,0.0,0.0,0.0,0.0,attribute_1,方便,我的,方便-我的
0.0,0.0,0.0,0.0,0.0,attribute_1,方便,我们的,方便-我们的
0.607020446222,0.42026679362,0.205484511607,0.193436357918,0.327781799759,attribute_1,一样,我,一样-我
0.465427030373,0.360447047506,0.242208061603,0.163528381285,0.227430873233,attribute_1,一样,自己,一样-自己
0.460279978565,0.354912850764,0.215106220343,0.203931055472,0.298889290681,attribute_1,一样,我们,一样-我们
0.0,0.0,0.0,0.0,0.0,attribute_1,一样,我的,一样-我的
0.0,0.0,0.0,0.0,0.0,attribute_1,一样,我们的,一样-我们的
0.231910665827,0.23376510396,0.164881071028,0.18986764413,0.11487997247,attribute_1,遭受,我,遭受-我
0.287551137075,0.234328819455,0.211923957215,0.103919172138,0.133114133778,attribute_1,遭受,自己,遭受-自己
0.267866444826,0.232177038661,0.171554093179,0.206066290154,0.155217932249,attribute_1,遭受,我们,遭受-我们
0.0,0.0,0.0,0.0,0.0,attribute_1,遭受,我的,遭受-我的
0.0,0.0,0.0,0.0,0.0,attribute_1,遭受,我们的,遭受-我们的
0.0,0.0,0.0,0.254343475445,0.311313402885,attribute_1,宽容,我,宽容-我
0.0,0.0,0.0,0.32085922396,0.26846293884,attribute_1,宽容,自己,宽容-自己
0.0,0.0,0.0,0.262191668274,0.19280891707,attribute_1,宽容,我们,宽容-我们
0.0,0.0,0.0,0.0,0.0,attribute_1,宽容,我的,宽容-我的
0.0,0.0,0.0,0.0,0.0,attribute_1,宽容,我们的,宽容-我们的
0.0,0.0,0.0,0.20818436148,0.276655922726,attribute_1,指望,我,指望-我
0.0,0.0,0.0,0.128765116029,0.169128208791,attribute_1,指望,自己,指望-自己
0.0,0.0,0.0,0.241400462225,0.24190707306,attribute_1,指望,我们,指望-我们
0.0,0.0,0.0,0.0,0.0,attribute_1,指望,我的,指望-我的
0.0,0.0,0.0,0.0,0.0,attribute_1,指望,我们的,指望-我们的
0.0,0.0,0.0,0.214529568971,0.223690011882,attribute_1,正直,我,正直-我
0.0,0.0,0.0,0.233411863327,0.193982776996,attribute_1,正直,自己,正直-自己
0.0,0.0,0.0,0.170910221262,0.156062083843,attribute_1,正直,我们,正直-我们
0.0,0.0,0.0,0.0,0.0,attribute_1,正直,我的,正直-我的
0.0,0.0,0.0,0.0,0.0,attribute_1,正直,我们的,正直-我们的
0.14640241709,0.287665776503,0.127472565003,0.140481320422,0.0531647468776,attribute_1,服务,我,服务-我
0.337313608231,0.244249830027,0.2465860791,0.12923012608,0.113613499818,attribute_1,服务,自己,服务-自己
0.296695656198,0.300971785846,0.185476150895,0.0481593080126,0.0816210848655,attribute_1,服务,我们,服务-我们
0.0,0.0,0.0,0.0,0.0,attribute_1,服务,我的,服务-我的
0.0,0.0,0.0,0.0,0.0,attribute_1,服务,我们的,服务-我们的
0.0,0.0,0.380206825823,0.242424050936,0.276752315853,attribute_1,诚恳,我,诚恳-我
0.0,0.0,0.272991410904,0.153788058287,0.214313403775,attribute_1,诚恳,自己,诚恳-自己
0.0,0.0,0.381072495955,0.240671782824,0.257445229389,attribute_1,诚恳,我们,诚恳-我们
0.0,0.0,0.0,0.0,0.0,attribute_1,诚恳,我的,诚恳-我的
0.0,0.0,0.0,0.0,0.0,attribute_1,诚恳,我们的,诚恳-我们的
0.0,0.0,0.0,0.159038204515,0.0641693738221,attribute_1,捐赠,我,捐赠-我
0.0,0.0,0.0,0.089607549775,0.0394433329483,attribute_1,捐赠,自己,捐赠-自己
0.0,0.0,0.0,0.140955439294,0.0849615730424,attribute_1,捐赠,我们,捐赠-我们
0.0,0.0,0.0,0.0,0.0,attribute_1,捐赠,我的,捐赠-我的
0.0,0.0,0.0,0.0,0.0,attribute_1,捐赠,我们的,捐赠-我们的
0.0,0.0,0.0,0.263275522221,0.0,attribute_1,大方,我,大方-我
0.0,0.0,0.0,0.194655511194,0.0,attribute_1,大方,自己,大方-自己
0.0,0.0,0.0,0.230043846794,0.0,attribute_1,大方,我们,大方-我们
0.0,0.0,0.0,0.0,0.0,attribute_1,大方,我的,大方-我的
0.0,0.0,0.0,0.0,0.0,attribute_1,大方,我们的,大方-我们的
0.0,0.0,0.0,0.196909037339,0.277218877995,attribute_1,良心,我,良心-我
0.0,0.0,0.0,0.236190034012,0.253518015546,attribute_1,良心,自己,良心-自己
0.0,0.0,0.0,0.144978983893,0.132157542027,attribute_1,良心,我们,良心-我们
0.0,0.0,0.0,0.0,0.0,attribute_1,良心,我的,良心-我的
0.0,0.0,0.0,0.0,0.0,attribute_1,良心,我们的,良心-我们的
0.270190611229,0.243404593499,0.173928632901,0.114688610743,0.0886139045681,attribute_1,团结,我,团结-我
0.406753241025,0.33532687929,0.15491364531,0.11608482461,0.0337644074695,attribute_1,团结,自己,团结-自己
0.45444635009,0.36360226425,0.272560757736,0.213055226747,0.248275998866,attribute_1,团结,我们,团结-我们
0.0,0.0,0.0,0.0,0.0,attribute_1,团结,我的,团结-我的
0.0,0.0,0.0,0.0,0.0,attribute_1,团结,我们的,团结-我们的
0.0,0.0,0.0,0.230647320963,0.135180904314,attribute_1,志愿,我,志愿-我
0.0,0.0,0.0,0.244237824057,0.153220575681,attribute_1,志愿,自己,志愿-自己
0.0,0.0,0.0,0.183163820517,0.134449168634,attribute_1,志愿,我们,志愿-我们
0.0,0.0,0.0,0.0,0.0,attribute_1,志愿,我的,志愿-我的
0.0,0.0,0.0,0.0,0.0,attribute_1,志愿,我们的,志愿-我们的
0.0,0.0,0.0,0.148718999747,0.0996334596418,attribute_1,凝聚,我,凝聚-我
0.0,0.0,0.0,0.234227292445,0.1465365277,attribute_1,凝聚,自己,凝聚-自己
0.0,0.0,0.0,0.248531021499,0.208823659564,attribute_1,凝聚,我们,凝聚-我们
0.0,0.0,0.0,0.0,0.0,attribute_1,凝聚,我的,凝聚-我的
0.0,0.0,0.0,0.0,0.0,attribute_1,凝聚,我们的,凝聚-我们的
0.0,0.0,0.0,0.0,0.0,attribute_1,褒扬,我,褒扬-我
0.0,0.0,0.0,0.0,0.0,attribute_1,褒扬,自己,褒扬-自己
0.0,0.0,0.0,0.0,0.0,attribute_1,褒扬,我们,褒扬-我们
0.0,0.0,0.0,0.0,0.0,attribute_1,褒扬,我的,褒扬-我的
0.0,0.0,0.0,0.0,0.0,attribute_1,褒扬,我们的,褒扬-我们的
0.0,0.0,0.21826455291,0.185543303964,0.209429570622,attribute_1,赞扬,我,赞扬-我
0.0,0.0,0.0710920322228,0.0503156642862,0.0435795049356,attribute_1,赞扬,自己,赞扬-自己
0.0,0.0,0.22116415891,0.120027916301,0.202257602528,attribute_1,赞扬,我们,赞扬-我们
0.0,0.0,0.0,0.0,0.0,attribute_1,赞扬,我的,赞扬-我的
0.0,0.0,0.0,0.0,0.0,attribute_1,赞扬,我们的,赞扬-我们的
0.0,0.0,0.0,0.0,0.0,attribute_1,请柬,我,请柬-我
0.0,0.0,0.0,0.0,0.0,attribute_1,请柬,自己,请柬-自己
0.0,0.0,0.0,0.0,0.0,attribute_1,请柬,我们,请柬-我们
0.0,0.0,0.0,0.0,0.0,attribute_1,请柬,我的,请柬-我的
0.0,0.0,0.0,0.0,0.0,attribute_1,请柬,我们的,请柬-我们的
0.0,0.0,0.165523295432,0.158411208916,0.0731542036597,attribute_1,献身,我,献身-我
0.0,0.0,0.266273327376,0.151586152854,0.155304176084,attribute_1,献身,自己,献身-自己
0.0,0.0,0.232689100779,0.159558258242,0.219909699485,attribute_1,献身,我们,献身-我们
0.0,0.0,0.0,0.0,0.0,attribute_1,献身,我的,献身-我的
0.0,0.0,0.0,0.0,0.0,attribute_1,献身,我们的,献身-我们的
0.0,0.0,0.225588099869,0.172059631516,0.139958689755,attribute_1,容忍,我,容忍-我
0.0,0.0,0.222406192933,0.109372552321,0.088741585116,attribute_1,容忍,自己,容忍-自己
0.0,0.0,0.218867827948,0.141042081071,0.205545442743,attribute_1,容忍,我们,容忍-我们
0.0,0.0,0.0,0.0,0.0,attribute_1,容忍,我的,容忍-我的
0.0,0.0,0.0,0.0,0.0,attribute_1,容忍,我们的,容忍-我们的
0.390291103916,0.28540556107,0.189661745966,0.166183280913,0.114609757892,attribute_1,有益,我,有益-我
0.591038575837,0.291026982738,0.228026740426,0.106160982771,0.180961352226,attribute_1,有益,自己,有益-自己
0.531386354505,0.260019324878,0.244277934533,0.22525089477,0.129671442701,attribute_1,有益,我们,有益-我们
0.0,0.0,0.0,0.0,0.0,attribute_1,有益,我的,有益-我的
0.0,0.0,0.0,0.0,0.0,attribute_1,有益,我们的,有益-我们的
0.635541535824,0.414892514145,0.250909463555,0.252294893405,0.258051406242,attribute_1,谈话,我,谈话-我
0.301769139747,0.239581651994,0.151788359894,0.0916560798267,0.0551544126278,attribute_1,谈话,自己,谈话-自己
0.516549850597,0.322299008244,0.210575004938,0.19676472718,0.191614849155,attribute_1,谈话,我们,谈话-我们
0.0,0.0,0.0,0.0,0.0,attribute_1,谈话,我的,谈话-我的
0.0,0.0,0.0,0.0,0.0,attribute_1,谈话,我们的,谈话-我们的
0.144429341484,0.144811776022,0.188536453948,0.0927951901276,0.0486844755776,attribute_1,供应,我,供应-我
0.276822973549,0.214647757867,0.11372551233,0.0545635050786,0.0653615998567,attribute_1,供应,自己,供应-自己
0.315058168833,0.234859246207,0.149316976585,0.0778149854893,0.0637751387113,attribute_1,供应,我们,供应-我们
0.0,0.0,0.0,0.0,0.0,attribute_1,供应,我的,供应-我的
0.0,0.0,0.0,0.0,0.0,attribute_1,供应,我们的,供应-我们的
0.0,0.0,0.0,0.202462821112,0.176232032701,attribute_1,和睦,我,和睦-我
0.0,0.0,0.0,0.175560068266,0.110999199031,attribute_1,和睦,自己,和睦-自己
0.0,0.0,0.0,0.244652065063,0.171935406553,attribute_1,和睦,我们,和睦-我们
0.0,0.0,0.0,0.0,0.0,attribute_1,和睦,我的,和睦-我的
0.0,0.0,0.0,0.0,0.0,attribute_1,和睦,我们的,和睦-我们的
0.0,0.0,0.0,0.163464817213,0.17081508521,attribute_1,信赖,我,信赖-我
0.0,0.0,0.0,0.141097512934,0.0976039772702,attribute_1,信赖,自己,信赖-自己
0.0,0.0,0.0,0.247876721046,0.210734236309,attribute_1,信赖,我们,信赖-我们
0.0,0.0,0.0,0.0,0.0,attribute_1,信赖,我的,信赖-我的
0.0,0.0,0.0,0.0,0.0,attribute_1,信赖,我们的,信赖-我们的
0.0,0.0,0.0,0.248210875838,0.208217296852,attribute_1,捐款,我,捐款-我
0.0,0.0,0.0,0.14614755478,0.077102115841,attribute_1,捐款,自己,捐款-自己
0.0,0.0,0.0,0.155721536386,0.175457009683,attribute_1,捐款,我们,捐款-我们
0.0,0.0,0.0,0.0,0.0,attribute_1,捐款,我的,捐款-我的
0.0,0.0,0.0,0.0,0.0,attribute_1,捐款,我们的,捐款-我们的
0.597436700815,0.474002793101,0.225588065457,0.170967049108,0.218891551408,attribute_1,容易,我,容易-我
0.433060689561,0.304369750369,0.195040410749,0.165144157215,0.183334151765,attribute_1,容易,自己,容易-自己
0.507510560721,0.399290988925,0.189120012638,0.23616287438,0.23325401412,attribute_1,容易,我们,容易-我们
0.0,0.0,0.0,0.0,0.0,attribute_1,容易,我的,容易-我的
0.0,0.0,0.0,0.0,0.0,attribute_1,容易,我们的,容易-我们的
0.209493349831,0.228200004698,0.0518856412416,0.0735612442567,0.061291753645,attribute_1,道德,我,道德-我
0.499236754197,0.359232326443,0.199255666672,0.108733954145,0.180069363681,attribute_1,道德,自己,道德-自己
0.314762249401,0.211670785999,0.137712990306,0.150468476347,0.0982981348496,attribute_1,道德,我们,道德-我们
0.0,0.0,0.0,0.0,0.0,attribute_1,道德,我的,道德-我的
0.0,0.0,0.0,0.0,0.0,attribute_1,道德,我们的,道德-我们的
0.0,0.0,0.232065509072,0.154111142101,0.0870191046033,attribute_1,邀请,我,邀请-我
0.0,0.0,0.125148773681,-0.0313225257035,0.0329918273458,attribute_1,邀请,自己,邀请-自己
0.0,0.0,0.220114776432,0.0713289720788,0.1208099828,attribute_1,邀请,我们,邀请-我们
0.0,0.0,0.0,0.0,0.0,attribute_1,邀请,我的,邀请-我的
0.0,0.0,0.0,0.0,0.0,attribute_1,邀请,我们的,邀请-我们的
0.0,0.0,0.0,0.0,0.0,attribute_1,赞许,我,赞许-我
0.0,0.0,0.0,0.0,0.0,attribute_1,赞许,自己,赞许-自己
0.0,0.0,0.0,0.0,0.0,attribute_1,赞许,我们,赞许-我们
0.0,0.0,0.0,0.0,0.0,attribute_1,赞许,我的,赞许-我的
0.0,0.0,0.0,0.0,0.0,attribute_1,赞许,我们的,赞许-我们的
0.160478457048,0.275464044244,0.129690050969,0.100210198929,0.0806143709931,attribute_1,平等,我,平等-我
0.319623837879,0.28089506754,0.19678583749,0.0976989347857,0.142707282772,attribute_1,平等,自己,平等-自己
0.247274947554,0.229791644458,0.174768553935,0.167231006645,0.132673108004,attribute_1,平等,我们,平等-我们
0.0,0.0,0.0,0.0,0.0,attribute_1,平等,我的,平等-我的
0.0,0.0,0.0,0.0,0.0,attribute_1,平等,我们的,平等-我们的
0.0,0.0,0.0,0.176877137481,0.175295437198,attribute_1,助手,我,助手-我
0.0,0.0,0.0,0.0962704968624,0.0957660434409,attribute_1,助手,自己,助手-自己
0.0,0.0,0.0,0.098163843428,0.191488370471,attribute_1,助手,我们,助手-我们
0.0,0.0,0.0,0.0,0.0,attribute_1,助手,我的,助手-我的
0.0,0.0,0.0,0.0,0.0,attribute_1,助手,我们的,助手-我们的
0.0,0.0,0.441185984977,0.291301065488,0.237094883411,attribute_1,关切,我,关切-我
0.0,0.0,0.307032818197,0.151526136494,0.0979815483656,attribute_1,关切,自己,关切-自己
0.0,0.0,0.32837806643,0.284674362573,0.112633428533,attribute_1,关切,我们,关切-我们
0.0,0.0,0.0,0.0,0.0,attribute_1,关切,我的,关切-我的
0.0,0.0,0.0,0.0,0.0,attribute_1,关切,我们的,关切-我们的
0.0,0.0,0.0,0.0,0.0,attribute_1,毁谤,我,毁谤-我
0.0,0.0,0.0,0.0,0.0,attribute_1,毁谤,自己,毁谤-自己
0.0,0.0,0.0,0.0,0.0,attribute_1,毁谤,我们,毁谤-我们
0.0,0.0,0.0,0.0,0.0,attribute_1,毁谤,我的,毁谤-我的
0.0,0.0,0.0,0.0,0.0,attribute_1,毁谤,我们的,毁谤-我们的
0.0,0.0,0.0,0.0,0.0,attribute_1,盲从,我,盲从-我
0.0,0.0,0.0,0.0,0.0,attribute_1,盲从,自己,盲从-自己
0.0,0.0,0.0,0.0,0.0,attribute_1,盲从,我们,盲从-我们
0.0,0.0,0.0,0.0,0.0,attribute_1,盲从,我的,盲从-我的
0.0,0.0,0.0,0.0,0.0,attribute_1,盲从,我们的,盲从-我们的
0.223490018896,0.209450067212,0.106950259875,0.0992740712155,0.076602578935,attribute_1,团体,我,团体-我
0.284697482689,0.29681788377,0.0821972716453,0.103063322226,0.0381488523249,attribute_1,团体,自己,团体-自己
0.33782383602,0.262314495961,0.0949348152159,0.107437517421,0.0474608469482,attribute_1,团体,我们,团体-我们
0.0,0.0,0.0,0.0,0.0,attribute_1,团体,我的,团体-我的
0.0,0.0,0.0,0.0,0.0,attribute_1,团体,我们的,团体-我们的
0.0,0.0,0.0,0.0,0.0,attribute_1,移情,我,移情-我
0.0,0.0,0.0,0.0,0.0,attribute_1,移情,自己,移情-自己
0.0,0.0,0.0,0.0,0.0,attribute_1,移情,我们,移情-我们
0.0,0.0,0.0,0.0,0.0,attribute_1,移情,我的,移情-我的
0.0,0.0,0.0,0.0,0.0,attribute_1,移情,我们的,移情-我们的
0.0,0.0,0.0,0.0,0.0,attribute_1,非政府组织,我,非政府组织-我
0.0,0.0,0.0,0.0,0.0,attribute_1,非政府组织,自己,非政府组织-自己
0.0,0.0,0.0,0.0,0.0,attribute_1,非政府组织,我们,非政府组织-我们
0.0,0.0,0.0,0.0,0.0,attribute_1,非政府组织,我的,非政府组织-我的
0.0,0.0,0.0,0.0,0.0,attribute_1,非政府组织,我们的,非政府组织-我们的
0.139314561611,0.230733959158,0.0857346247215,0.0588927176102,0.11509807495,attribute_1,自由,我,自由-我
0.366151650677,0.352264755369,0.254479042234,0.217828114231,0.161254531468,attribute_1,自由,自己,自由-自己
0.191972945228,0.221516752058,0.131854487753,0.0915502083191,0.0703651922355,attribute_1,自由,我们,自由-我们
0.0,0.0,0.0,0.0,0.0,attribute_1,自由,我的,自由-我的
0.0,0.0,0.0,0.0,0.0,attribute_1,自由,我们的,自由-我们的
0.0,0.0,0.460559100446,0.32694671069,0.367018244883,attribute_1,感激,我,感激-我
0.0,0.0,0.270158653775,0.199121712058,0.203465914306,attribute_1,感激,自己,感激-自己
0.0,0.0,0.340383494302,0.313056247023,0.278337315991,attribute_1,感激,我们,感激-我们
0.0,0.0,0.0,0.0,0.0,attribute_1,感激,我的,感激-我的
0.0,0.0,0.0,0.0,0.0,attribute_1,感激,我们的,感激-我们的
0.0,0.0,0.0,0.060306315565,0.119865730803,attribute_1,助长,我,助长-我
0.0,0.0,0.0,0.081199881894,0.0295431862535,attribute_1,助长,自己,助长-自己
0.0,0.0,0.0,0.0506328935893,0.113236384097,attribute_1,助长,我们,助长-我们
0.0,0.0,0.0,0.0,0.0,attribute_1,助长,我的,助长-我的
0.0,0.0,0.0,0.0,0.0,attribute_1,助长,我们的,助长-我们的
0.0,0.0,0.226954886625,0.14684689667,0.138704135217,attribute_1,忠诚,我,忠诚-我
0.0,0.0,0.255655071783,0.0957829883496,0.0796914967482,attribute_1,忠诚,自己,忠诚-自己
0.0,0.0,0.264995374967,0.10281984575,0.18009952266,attribute_1,忠诚,我们,忠诚-我们
0.0,0.0,0.0,0.0,0.0,attribute_1,忠诚,我的,忠诚-我的
0.0,0.0,0.0,0.0,0.0,attribute_1,忠诚,我们的,忠诚-我们的
0.0,0.0,0.0,0.0,0.0,attribute_1,随和,我,随和-我
0.0,0.0,0.0,0.0,0.0,attribute_1,随和,自己,随和-自己
0.0,0.0,0.0,0.0,0.0,attribute_1,随和,我们,随和-我们
0.0,0.0,0.0,0.0,0.0,attribute_1,随和,我的,随和-我的
0.0,0.0,0.0,0.0,0.0,attribute_1,随和,我们的,随和-我们的
0.215052959058,0.0,0.233093267603,0.134282201049,0.0569562234392,attribute_1,委托,我,委托-我
0.276052701629,0.0,0.205630300282,0.0943707735243,0.152354186764,attribute_1,委托,自己,委托-自己
0.270168132914,0.0,0.184876175356,0.101773948748,0.113759894864,attribute_1,委托,我们,委托-我们
0.0,0.0,0.0,0.0,0.0,attribute_1,委托,我的,委托-我的
0.0,0.0,0.0,0.0,0.0,attribute_1,委托,我们的,委托-我们的
0.0,0.0,0.0,0.0,0.0,attribute_1,普适,我,普适-我
0.0,0.0,0.0,0.0,0.0,attribute_1,普适,自己,普适-自己
0.0,0.0,0.0,0.0,0.0,attribute_1,普适,我们,普适-我们
0.0,0.0,0.0,0.0,0.0,attribute_1,普适,我的,普适-我的
0.0,0.0,0.0,0.0,0.0,attribute_1,普适,我们的,普适-我们的
0.0,0.0,0.0,0.0,0.0,attribute_1,人人,我,人人-我
0.0,0.0,0.0,0.0,0.0,attribute_1,人人,自己,人人-自己
0.0,0.0,0.0,0.0,0.0,attribute_1,人人,我们,人人-我们
0.0,0.0,0.0,0.0,0.0,attribute_1,人人,我的,人人-我的
0.0,0.0,0.0,0.0,0.0,attribute_1,人人,我们的,人人-我们的
0.0,0.0,0.0,0.166361532209,0.0703880206422,attribute_1,群体,我,群体-我
0.0,0.0,0.0,0.141600450238,0.120739721434,attribute_1,群体,自己,群体-自己
0.0,0.0,0.0,0.162537340152,0.14265593882,attribute_1,群体,我们,群体-我们
0.0,0.0,0.0,0.0,0.0,attribute_1,群体,我的,群体-我的
0.0,0.0,0.0,0.0,0.0,attribute_1,群体,我们的,群体-我们的
0.0,0.0,0.446755816904,0.269258956348,0.364577424753,attribute_1,可怜,我,可怜-我
0.0,0.0,0.344257133001,0.227832635549,0.243765593599,attribute_1,可怜,自己,可怜-自己
0.0,0.0,0.291385090092,0.208422952001,0.161746526193,attribute_1,可怜,我们,可怜-我们
0.0,0.0,0.0,0.0,0.0,attribute_1,可怜,我的,可怜-我的
0.0,0.0,0.0,0.0,0.0,attribute_1,可怜,我们的,可怜-我们的
0.0,0.0,0.0,0.0,0.0,attribute_1,可持续,我,可持续-我
0.0,0.0,0.0,0.0,0.0,attribute_1,可持续,自己,可持续-自己
0.0,0.0,0.0,0.0,0.0,attribute_1,可持续,我们,可持续-我们
0.0,0.0,0.0,0.0,0.0,attribute_1,可持续,我的,可持续-我的
0.0,0.0,0.0,0.0,0.0,attribute_1,可持续,我们的,可持续-我们的
0.613129103508,0.462662182285,0.276808383455,0.206630553553,0.269363383552,attribute_1,相信,我,相信-我
0.541747463976,0.346718005376,0.278192287056,0.248082635683,0.235617034251,attribute_1,相信,自己,相信-自己
0.570486805903,0.362719926821,0.295693541478,0.228254685863,0.252939665376,attribute_1,相信,我们,相信-我们
0.0,0.0,0.0,0.0,0.0,attribute_1,相信,我的,相信-我的
0.0,0.0,0.0,0.0,0.0,attribute_1,相信,我们的,相信-我们的
0.0,0.0,0.0,0.0,0.0,attribute_1,忠心,我,忠心-我
0.0,0.0,0.0,0.0,0.0,attribute_1,忠心,自己,忠心-自己
0.0,0.0,0.0,0.0,0.0,attribute_1,忠心,我们,忠心-我们
0.0,0.0,0.0,0.0,0.0,attribute_1,忠心,我的,忠心-我的
0.0,0.0,0.0,0.0,0.0,attribute_1,忠心,我们的,忠心-我们的
0.123073023151,0.0,0.197511257845,0.039080227883,0.054897780909,attribute_1,公正,我,公正-我
0.246993369782,0.0,0.182338112663,0.108180448162,0.04057368045,attribute_1,公正,自己,公正-自己
0.283192333621,0.0,0.201469913416,0.0335240607242,0.113168526903,attribute_1,公正,我们,公正-我们
0.0,0.0,0.0,0.0,0.0,attribute_1,公正,我的,公正-我的
0.0,0.0,0.0,0.0,0.0,attribute_1,公正,我们的,公正-我们的
0.0,0.0,0.0,0.0,0.0,attribute_1,谦恭,我,谦恭-我
0.0,0.0,0.0,0.0,0.0,attribute_1,谦恭,自己,谦恭-自己
0.0,0.0,0.0,0.0,0.0,attribute_1,谦恭,我们,谦恭-我们
0.0,0.0,0.0,0.0,0.0,attribute_1,谦恭,我的,谦恭-我的
0.0,0.0,0.0,0.0,0.0,attribute_1,谦恭,我们的,谦恭-我们的
0.0,0.0,0.0,0.0956679894998,0.224548349949,attribute_1,贫乏,我,贫乏-我
0.0,0.0,0.0,0.162952908553,0.114220237057,attribute_1,贫乏,自己,贫乏-自己
0.0,0.0,0.0,0.133098812934,0.135568112559,attribute_1,贫乏,我们,贫乏-我们
0.0,0.0,0.0,0.0,0.0,attribute_1,贫乏,我的,贫乏-我的
0.0,0.0,0.0,0.0,0.0,attribute_1,贫乏,我们的,贫乏-我们的
0.472927026713,0.28795929637,0.18171313738,0.132320755473,0.115431704546,attribute_1,等于,我,等于-我
0.341346806996,0.267285033134,0.208705898605,0.148802640762,0.140000586593,attribute_1,等于,自己,等于-自己
0.319556093736,0.303521668477,0.0830893845764,0.0581832435717,0.0270392432445,attribute_1,等于,我们,等于-我们
0.0,0.0,0.0,0.0,0.0,attribute_1,等于,我的,等于-我的
0.0,0.0,0.0,0.0,0.0,attribute_1,等于,我们的,等于-我们的
0.0,0.0,0.0,0.174396664949,0.208645153192,attribute_1,共鸣,我,共鸣-我
0.0,0.0,0.0,0.178606108646,0.109568022859,attribute_1,共鸣,自己,共鸣-自己
0.0,0.0,0.0,0.204395389445,0.196121915313,attribute_1,共鸣,我们,共鸣-我们
0.0,0.0,0.0,0.0,0.0,attribute_1,共鸣,我的,共鸣-我的
0.0,0.0,0.0,0.0,0.0,attribute_1,共鸣,我们的,共鸣-我们的
0.0,0.504717886754,0.290335035825,0.248011432213,0.228084935423,attribute_1,亲切,我,亲切-我
0.0,0.358658348762,0.22520026801,0.143344969323,0.134326358124,attribute_1,亲切,自己,亲切-自己
0.0,0.483852248735,0.347691594111,0.260499662985,0.268010304528,attribute_1,亲切,我们,亲切-我们
0.0,0.0,0.0,0.0,0.0,attribute_1,亲切,我的,亲切-我的
0.0,0.0,0.0,0.0,0.0,attribute_1,亲切,我们的,亲切-我们的
0.141257807082,0.0,0.19110500611,0.131146980964,0.0305926776154,attribute_1,司法,我,司法-我
0.187586668363,0.0,0.203909123508,0.110364921423,0.100991052683,attribute_1,司法,自己,司法-自己
0.197432305863,0.0,0.224189460845,0.119749308287,0.122155111744,attribute_1,司法,我们,司法-我们
0.0,0.0,0.0,0.0,0.0,attribute_1,司法,我的,司法-我的
0.0,0.0,0.0,0.0,0.0,attribute_1,司法,我们的,司法-我们的
0.0,0.0,0.0,0.0,0.0,attribute_1,和蔼,我,和蔼-我
0.0,0.0,0.0,0.0,0.0,attribute_1,和蔼,自己,和蔼-自己
0.0,0.0,0.0,0.0,0.0,attribute_1,和蔼,我们,和蔼-我们
0.0,0.0,0.0,0.0,0.0,attribute_1,和蔼,我的,和蔼-我的
0.0,0.0,0.0,0.0,0.0,attribute_1,和蔼,我们的,和蔼-我们的
0.0,0.0,0.0,0.0,0.0,attribute_1,忠贞,我,忠贞-我
0.0,0.0,0.0,0.0,0.0,attribute_1,忠贞,自己,忠贞-自己
0.0,0.0,0.0,0.0,0.0,attribute_1,忠贞,我们,忠贞-我们
0.0,0.0,0.0,0.0,0.0,attribute_1,忠贞,我的,忠贞-我的
0.0,0.0,0.0,0.0,0.0,attribute_1,忠贞,我们的,忠贞-我们的
0.0702629414503,0.270661744642,0.109951120211,0.144699852331,0.166613248232,attribute_1,疾病,我,疾病-我
0.289683995332,0.330247087155,0.209399588748,0.163560011269,0.201853507477,attribute_1,疾病,自己,疾病-自己
0.154533803316,0.263913637793,0.171684648199,0.0571902114525,0.0868173004101,attribute_1,疾病,我们,疾病-我们
0.0,0.0,0.0,0.0,0.0,attribute_1,疾病,我的,疾病-我的
0.0,0.0,0.0,0.0,0.0,attribute_1,疾病,我们的,疾病-我们的
0.0,0.0,0.0,0.215839655329,0.310281153692,attribute_1,成见,我,成见-我
0.0,0.0,0.0,0.236928316472,0.202672361079,attribute_1,成见,自己,成见-自己
0.0,0.0,0.0,0.235339082403,0.237809290076,attribute_1,成见,我们,成见-我们
0.0,0.0,0.0,0.0,0.0,attribute_1,成见,我的,成见-我的
0.0,0.0,0.0,0.0,0.0,attribute_1,成见,我们的,成见-我们的
0.0,0.0,0.0,0.358040894845,0.306273411778,attribute_1,真心,我,真心-我
0.0,0.0,0.0,0.22645978567,0.219410543118,attribute_1,真心,自己,真心-自己
0.0,0.0,0.0,0.188901699395,0.315065673099,attribute_1,真心,我们,真心-我们
0.0,0.0,0.0,0.0,0.0,attribute_1,真心,我的,真心-我的
0.0,0.0,0.0,0.0,0.0,attribute_1,真心,我们的,真心-我们的
0.453239100602,0.398227308934,0.245652603116,0.266696686757,0.251028785755,attribute_1,感情,我,感情-我
0.541610725812,0.472895771952,0.32460299062,0.225514014778,0.270492567737,attribute_1,感情,自己,感情-自己
0.468059393707,0.303044908242,0.170244504173,0.169897398852,0.166615547739,attribute_1,感情,我们,感情-我们
0.0,0.0,0.0,0.0,0.0,attribute_1,感情,我的,感情-我的
0.0,0.0,0.0,0.0,0.0,attribute_1,感情,我们的,感情-我们的
0.0,0.0,0.0,0.0,0.0439301864085,attribute_1,整合,我,整合-我
0.0,0.0,0.0,0.0,0.0718081763029,attribute_1,整合,自己,整合-自己
0.0,0.0,0.0,0.0,0.116728380505,attribute_1,整合,我们,整合-我们
0.0,0.0,0.0,0.0,0.0,attribute_1,整合,我的,整合-我的
0.0,0.0,0.0,0.0,0.0,attribute_1,整合,我们的,整合-我们的
0.0,0.0,0.0,0.0,0.0,attribute_1,不偏不倚,我,不偏不倚-我
0.0,0.0,0.0,0.0,0.0,attribute_1,不偏不倚,自己,不偏不倚-自己
0.0,0.0,0.0,0.0,0.0,attribute_1,不偏不倚,我们,不偏不倚-我们
0.0,0.0,0.0,0.0,0.0,attribute_1,不偏不倚,我的,不偏不倚-我的
0.0,0.0,0.0,0.0,0.0,attribute_1,不偏不倚,我们的,不偏不倚-我们的
0.08904785281,0.275032511408,0.155520911446,0.0304832139358,0.0360956374277,attribute_1,环境,我,环境-我
0.150277910308,0.376009172761,0.160837146088,0.0926507292545,0.00256169661459,attribute_1,环境,自己,环境-自己
0.171225594666,0.297825674848,0.114100300833,0.0861408537765,0.0487000911964,attribute_1,环境,我们,环境-我们
0.0,0.0,0.0,0.0,0.0,attribute_1,环境,我的,环境-我的
0.0,0.0,0.0,0.0,0.0,attribute_1,环境,我们的,环境-我们的
0.306574821191,0.418358743407,0.161398912468,0.093407534786,0.13837181774,attribute_1,吸引,我,吸引-我
0.424206698241,0.335643327562,0.149018085387,0.121527084594,0.0814514644661,attribute_1,吸引,自己,吸引-自己
0.380690073939,0.35380291552,0.165040885663,0.16526580549,0.185065050188,attribute_1,吸引,我们,吸引-我们
0.0,0.0,0.0,0.0,0.0,attribute_1,吸引,我的,吸引-我的
0.0,0.0,0.0,0.0,0.0,attribute_1,吸引,我们的,吸引-我们的
0.0,0.555800256807,0.328050006882,0.27964908027,0.356681530121,attribute_1,老实,我,老实-我
0.0,0.418671121166,0.300599020999,0.146629555609,0.194134939201,attribute_1,老实,自己,老实-自己
0.0,0.420637784491,0.237564908047,0.272794271619,0.293409484137,attribute_1,老实,我们,老实-我们
0.0,0.0,0.0,0.0,0.0,attribute_1,老实,我的,老实-我的
0.0,0.0,0.0,0.0,0.0,attribute_1,老实,我们的,老实-我们的
0.0,0.0,0.460747507804,0.383330236987,0.338531749032,attribute_1,客气,我,客气-我
0.0,0.0,0.295662558926,0.193358256459,0.171145003882,attribute_1,客气,自己,客气-自己
0.0,0.0,0.297397722189,0.285784720848,0.273774658244,attribute_1,客气,我们,客气-我们
0.0,0.0,0.0,0.0,0.0,attribute_1,客气,我的,客气-我的
0.0,0.0,0.0,0.0,0.0,attribute_1,客气,我们的,客气-我们的
0.0,0.0,0.0,0.413838685537,0.354250613599,attribute_1,有礼,我,有礼-我
0.0,0.0,0.0,0.266025203745,0.227862785985,attribute_1,有礼,自己,有礼-自己
0.0,0.0,0.0,0.371334308514,0.240383384174,attribute_1,有礼,我们,有礼-我们
0.0,0.0,0.0,0.0,0.0,attribute_1,有礼,我的,有礼-我的
0.0,0.0,0.0,0.0,0.0,attribute_1,有礼,我们的,有礼-我们的
0.0656901879518,0.224677068614,0.115606366535,0.152248630537,0.145078937237,attribute_1,危害,我,危害-我
0.23573829433,0.242923759573,0.182918941638,0.118615562726,0.106218048675,attribute_1,危害,自己,危害-自己
0.15033846311,0.252900094179,0.164214423047,0.10099421095,0.115202711141,attribute_1,危害,我们,危害-我们
0.0,0.0,0.0,0.0,0.0,attribute_1,危害,我的,危害-我的
0.0,0.0,0.0,0.0,0.0,attribute_1,危害,我们的,危害-我们的
0.163145655605,0.231515467903,0.21970460197,0.119304123528,0.0948327403277,attribute_1,和平,我,和平-我
0.25743172052,0.373857339808,0.178161588689,0.108946172096,0.145056326531,attribute_1,和平,自己,和平-自己
0.339364750761,0.291114821706,0.202677641134,0.114173530504,0.154752894088,attribute_1,和平,我们,和平-我们
0.0,0.0,0.0,0.0,0.0,attribute_1,和平,我的,和平-我的
0.0,0.0,0.0,0.0,0.0,attribute_1,和平,我们的,和平-我们的
0.0,0.0,0.0,0.240870120057,0.204658940393,attribute_1,穷困,我,穷困-我
0.0,0.0,0.0,0.240166039255,0.196612282246,attribute_1,穷困,自己,穷困-自己
0.0,0.0,0.0,0.28248286508,0.287969860727,attribute_1,穷困,我们,穷困-我们
0.0,0.0,0.0,0.0,0.0,attribute_1,穷困,我的,穷困-我的
0.0,0.0,0.0,0.0,0.0,attribute_1,穷困,我们的,穷困-我们的
0.0,0.0,0.0,0.48977008002,0.546282271971,attribute_1,慈祥,我,慈祥-我
0.0,0.0,0.0,0.261798224018,0.350549870682,attribute_1,慈祥,自己,慈祥-自己
0.0,0.0,0.0,0.329877936139,0.317081204547,attribute_1,慈祥,我们,慈祥-我们
0.0,0.0,0.0,0.0,0.0,attribute_1,慈祥,我的,慈祥-我的
0.0,0.0,0.0,0.0,0.0,attribute_1,慈祥,我们的,慈祥-我们的
0.0,0.0,0.0,0.331490044268,0.23318135326,attribute_1,问候,我,问候-我
0.0,0.0,0.0,0.173940387655,0.145290113727,attribute_1,问候,自己,问候-自己
0.0,0.0,0.0,0.282640566487,0.191741823061,attribute_1,问候,我们,问候-我们
0.0,0.0,0.0,0.0,0.0,attribute_1,问候,我的,问候-我的
0.0,0.0,0.0,0.0,0.0,attribute_1,问候,我们的,问候-我们的
0.0,0.0,0.0,0.0,0.0,attribute_1,仁慈,我,仁慈-我
0.0,0.0,0.0,0.0,0.0,attribute_1,仁慈,自己,仁慈-自己
0.0,0.0,0.0,0.0,0.0,attribute_1,仁慈,我们,仁慈-我们
0.0,0.0,0.0,0.0,0.0,attribute_1,仁慈,我的,仁慈-我的
0.0,0.0,0.0,0.0,0.0,attribute_1,仁慈,我们的,仁慈-我们的
0.0,0.0,0.198812671052,0.125681889138,0.150267728361,attribute_1,偏见,我,偏见-我
0.0,0.0,0.264119253712,0.128966881376,0.143784764867,attribute_1,偏见,自己,偏见-自己
0.0,0.0,0.198544006329,0.123478094324,0.195654255371,attribute_1,偏见,我们,偏见-我们
0.0,0.0,0.0,0.0,0.0,attribute_1,偏见,我的,偏见-我的
0.0,0.0,0.0,0.0,0.0,attribute_1,偏见,我们的,偏见-我们的
0.0,0.0,0.0,0.0894127990256,0.175955372869,attribute_1,迷信,我,迷信-我
0.0,0.0,0.0,0.203971525958,0.246730592709,attribute_1,迷信,自己,迷信-自己
0.0,0.0,0.0,0.122968484545,0.170887827561,attribute_1,迷信,我们,迷信-我们
0.0,0.0,0.0,0.0,0.0,attribute_1,迷信,我的,迷信-我的
0.0,0.0,0.0,0.0,0.0,attribute_1,迷信,我们的,迷信-我们的
0.0,0.0,0.0,0.0994282570555,0.0958431203424,attribute_1,全球,我,全球-我
0.0,0.0,0.0,0.0726269865843,0.0394831974997,attribute_1,全球,自己,全球-自己
0.0,0.0,0.0,0.0590271139727,0.173900695322,attribute_1,全球,我们,全球-我们
0.0,0.0,0.0,0.0,0.0,attribute_1,全球,我的,全球-我的
0.0,0.0,0.0,0.0,0.0,attribute_1,全球,我们的,全球-我们的
0.237379297723,0.293412086808,0.0914353599075,0.150795379336,0.0723015455535,attribute_1,教育,我,教育-我
0.345408146289,0.283780479423,0.165555954147,0.0718927056361,0.0726143233115,attribute_1,教育,自己,教育-自己
0.317650777261,0.290072011093,0.177087062158,0.110953848602,0.0934451622831,attribute_1,教育,我们,教育-我们
0.0,0.0,0.0,0.0,0.0,attribute_1,教育,我的,教育-我的
0.0,0.0,0.0,0.0,0.0,attribute_1,教育,我们的,教育-我们的
0.0,0.0,0.0,0.0,0.0,attribute_1,倾诉,我,倾诉-我
0.0,0.0,0.0,0.0,0.0,attribute_1,倾诉,自己,倾诉-自己
0.0,0.0,0.0,0.0,0.0,attribute_1,倾诉,我们,倾诉-我们
0.0,0.0,0.0,0.0,0.0,attribute_1,倾诉,我的,倾诉-我的
0.0,0.0,0.0,0.0,0.0,attribute_1,倾诉,我们的,倾诉-我们的
0.0,0.0,0.0,0.119047690467,0.160206833057,attribute_1,牵涉,我,牵涉-我
0.0,0.0,0.0,0.0821361547045,0.068175689235,attribute_1,牵涉,自己,牵涉-自己
0.0,0.0,0.0,0.206363426267,0.176576859374,attribute_1,牵涉,我们,牵涉-我们
0.0,0.0,0.0,0.0,0.0,attribute_1,牵涉,我的,牵涉-我的
0.0,0.0,0.0,0.0,0.0,attribute_1,牵涉,我们的,牵涉-我们的
0.139288680998,0.157283352963,0.163542549116,0.136379459061,0.107098758031,attribute_1,集团,我,集团-我
0.118901878886,0.299671418898,0.118931994129,0.0518414668243,0.103750024557,attribute_1,集团,自己,集团-自己
0.179838937444,0.307375047757,0.120744801922,0.00322149734473,0.139495171445,attribute_1,集团,我们,集团-我们
0.0,0.0,0.0,0.0,0.0,attribute_1,集团,我的,集团-我的
0.0,0.0,0.0,0.0,0.0,attribute_1,集团,我们的,集团-我们的
0.0,0.0,0.0,0.197706629398,0.211194871028,attribute_1,虐待,我,虐待-我
0.0,0.0,0.0,0.153996964664,0.223152625633,attribute_1,虐待,自己,虐待-自己
0.0,0.0,0.0,0.112176007886,0.167965011572,attribute_1,虐待,我们,虐待-我们
0.0,0.0,0.0,0.0,0.0,attribute_1,虐待,我的,虐待-我的
0.0,0.0,0.0,0.0,0.0,attribute_1,虐待,我们的,虐待-我们的
0.0,0.0,0.299976018904,0.145296616576,0.0410227416278,attribute_1,助理,我,助理-我
0.0,0.0,0.215036135302,0.120738649872,0.0778350229446,attribute_1,助理,自己,助理-自己
0.0,0.0,0.216265484213,0.109285760051,0.100649646688,attribute_1,助理,我们,助理-我们
0.0,0.0,0.0,0.0,0.0,attribute_1,助理,我的,助理-我的
0.0,0.0,0.0,0.0,0.0,attribute_1,助理,我们的,助理-我们的
0.0993605279195,0.152353790903,0.17576453357,0.113705986901,0.0370576535574,attribute_1,交流,我,交流-我
0.209591978443,0.244869499068,0.171787274822,0.0821052812905,0.0476585897928,attribute_1,交流,自己,交流-自己
0.296058258907,0.24078931554,0.215031434811,0.12381169933,0.135244105665,attribute_1,交流,我们,交流-我们
0.0,0.0,0.0,0.0,0.0,attribute_1,交流,我的,交流-我的
0.0,0.0,0.0,0.0,0.0,attribute_1,交流,我们的,交流-我们的
0.232877160072,0.203509984857,0.109846520683,0.134916415189,0.0644585605467,attribute_1,社会,我,社会-我
0.356577719914,0.345789065586,0.149377596753,0.0808657842254,0.122205465235,attribute_1,社会,自己,社会-自己
0.405374921948,0.354445363697,0.176482791309,0.143050289801,0.153695443751,attribute_1,社会,我们,社会-我们
0.0,0.0,0.0,0.0,0.0,attribute_1,社会,我的,社会-我的
0.0,0.0,0.0,0.0,0.0,attribute_1,社会,我们的,社会-我们的
0.0,0.348272606368,0.196648603476,0.148502834975,0.174147136457,attribute_1,人性,我,人性-我
0.0,0.323349554711,0.178878370853,0.127579480374,0.168534344932,attribute_1,人性,自己,人性-自己
0.0,0.348634583557,0.214405098574,0.0871171542103,0.0693066021729,attribute_1,人性,我们,人性-我们
0.0,0.0,0.0,0.0,0.0,attribute_1,人性,我的,人性-我的
0.0,0.0,0.0,0.0,0.0,attribute_1,人性,我们的,人性-我们的
0.0,0.0,0.0,0.122693792538,0.0674869679951,attribute_1,承受,我,承受-我
0.0,0.0,0.0,0.0830250149624,0.110915255785,attribute_1,承受,自己,承受-自己
0.0,0.0,0.0,0.141696116478,0.124431942387,attribute_1,承受,我们,承受-我们
0.0,0.0,0.0,0.0,0.0,attribute_1,承受,我的,承受-我的
0.0,0.0,0.0,0.0,0.0,attribute_1,承受,我们的,承受-我们的
0.0,0.0,0.0,0.41189417617,0.361388601885,attribute_1,生病,我,生病-我
0.0,0.0,0.0,0.31307569856,0.211750028248,attribute_1,生病,自己,生病-自己
0.0,0.0,0.0,0.29397846053,0.248694347432,attribute_1,生病,我们,生病-我们
0.0,0.0,0.0,0.0,0.0,attribute_1,生病,我的,生病-我的
0.0,0.0,0.0,0.0,0.0,attribute_1,生病,我们的,生病-我们的
0.0,0.250765326046,0.196786205539,0.165836709882,0.187634097391,attribute_1,民众,我,民众-我
0.0,0.271740576168,0.179685378014,0.194637557241,0.161289037792,attribute_1,民众,自己,民众-自己
0.0,0.289987694096,0.240027782385,0.172206114749,0.244194304556,attribute_1,民众,我们,民众-我们
0.0,0.0,0.0,0.0,0.0,attribute_1,民众,我的,民众-我的
0.0,0.0,0.0,0.0,0.0,attribute_1,民众,我们的,民众-我们的
0.373353536052,0.341865272136,0.217131823893,0.186963938918,0.150416583028,attribute_1,同情,我,同情-我
0.407908784934,0.358691949779,0.166065279624,0.137169650487,0.114126928349,attribute_1,同情,自己,同情-自己
0.436213506686,0.335945327368,0.27678578619,0.188712154978,0.145459543709,attribute_1,同情,我们,同情-我们
0.0,0.0,0.0,0.0,0.0,attribute_1,同情,我的,同情-我的
0.0,0.0,0.0,0.0,0.0,attribute_1,同情,我们的,同情-我们的
0.0,0.0,0.0,0.0,0.0,attribute_1,每人,我,每人-我
0.0,0.0,0.0,0.0,0.0,attribute_1,每人,自己,每人-自己
0.0,0.0,0.0,0.0,0.0,attribute_1,每人,我们,每人-我们
0.0,0.0,0.0,0.0,0.0,attribute_1,每人,我的,每人-我的
0.0,0.0,0.0,0.0,0.0,attribute_1,每人,我们的,每人-我们的
0.0,0.0,0.0,0.0,0.363723879944,attribute_1,致意,我,致意-我
0.0,0.0,0.0,0.0,0.169617079104,attribute_1,致意,自己,致意-自己
0.0,0.0,0.0,0.0,0.319471805225,attribute_1,致意,我们,致意-我们
0.0,0.0,0.0,0.0,0.0,attribute_1,致意,我的,致意-我的
0.0,0.0,0.0,0.0,0.0,attribute_1,致意,我们的,致意-我们的
0.0,0.0,0.0,0.216529150637,0.140523067781,attribute_1,讲授,我,讲授-我
0.0,0.0,0.0,0.15408955606,0.108668415639,attribute_1,讲授,自己,讲授-自己
0.0,0.0,0.0,0.195352169793,0.101228091955,attribute_1,讲授,我们,讲授-我们
0.0,0.0,0.0,0.0,0.0,attribute_1,讲授,我的,讲授-我的
0.0,0.0,0.0,0.0,0.0,attribute_1,讲授,我们的,讲授-我们的
0.0,0.0,0.0,0.0,0.0,attribute_1,养育,我,养育-我
0.0,0.0,0.0,0.0,0.0,attribute_1,养育,自己,养育-自己
0.0,0.0,0.0,0.0,0.0,attribute_1,养育,我们,养育-我们
0.0,0.0,0.0,0.0,0.0,attribute_1,养育,我的,养育-我的
0.0,0.0,0.0,0.0,0.0,attribute_1,养育,我们的,养育-我们的
0.348792711579,0.280677071943,0.161313251714,0.14855068941,0.239770410199,attribute_1,同样,我,同样-我
0.420125483575,0.351875724053,0.248128921752,0.207473596516,0.191700951307,attribute_1,同样,自己,同样-自己
0.439470592275,0.307200256437,0.270494945392,0.22990257413,0.215602904434,attribute_1,同样,我们,同样-我们
0.0,0.0,0.0,0.0,0.0,attribute_1,同样,我的,同样-我的
0.0,0.0,0.0,0.0,0.0,attribute_1,同样,我们的,同样-我们的
0.0,0.0,0.0,0.374980222165,0.345071332764,attribute_1,原谅,我,原谅-我
0.0,0.0,0.0,0.239339538457,0.278421313154,attribute_1,原谅,自己,原谅-自己
0.0,0.0,0.0,0.316854624377,0.267470929617,attribute_1,原谅,我们,原谅-我们
0.0,0.0,0.0,0.0,0.0,attribute_1,原谅,我的,原谅-我的
0.0,0.0,0.0,0.0,0.0,attribute_1,原谅,我们的,原谅-我们的
0.0,0.358641907493,0.274912510262,0.200678550082,0.167263296084,attribute_1,榜样,我,榜样-我
0.0,0.363679722067,0.183369958922,0.0951082716181,0.181216307581,attribute_1,榜样,自己,榜样-自己
0.0,0.289374678114,0.228284016595,0.202301813076,0.252540991272,attribute_1,榜样,我们,榜样-我们
0.0,0.0,0.0,0.0,0.0,attribute_1,榜样,我的,榜样-我的
0.0,0.0,0.0,0.0,0.0,attribute_1,榜样,我们的,榜样-我们的
0.0,0.0,0.170842196056,0.119060226043,0.137656987846,attribute_1,伦理,我,伦理-我
0.0,0.0,0.2344908844,0.117757667059,0.20917960927,attribute_1,伦理,自己,伦理-自己
0.0,0.0,0.227538852069,0.125760868271,0.103766758374,attribute_1,伦理,我们,伦理-我们
0.0,0.0,0.0,0.0,0.0,attribute_1,伦理,我的,伦理-我的
0.0,0.0,0.0,0.0,0.0,attribute_1,伦理,我们的,伦理-我们的
0.0,0.0,0.346844926469,0.210146059127,0.271614489021,attribute_1,听从,我,听从-我
0.0,0.0,0.367139895392,0.30911881652,0.27876037703,attribute_1,听从,自己,听从-自己
0.0,0.0,0.268596172789,0.205928054471,0.180230114692,attribute_1,听从,我们,听从-我们
0.0,0.0,0.0,0.0,0.0,attribute_1,听从,我的,听从-我的
0.0,0.0,0.0,0.0,0.0,attribute_1,听从,我们的,听从-我们的
0.0,0.0,0.0,0.0548695719001,0.0475745266435,attribute_1,防护,我,防护-我
0.0,0.0,0.0,0.0797186078602,0.16012401936,attribute_1,防护,自己,防护-自己
0.0,0.0,0.0,0.0866256630341,0.0708878091376,attribute_1,防护,我们,防护-我们
0.0,0.0,0.0,0.0,0.0,attribute_1,防护,我的,防护-我的
0.0,0.0,0.0,0.0,0.0,attribute_1,防护,我们的,防护-我们的
0.0,0.0,0.0,0.367487787813,0.278629258571,attribute_1,体谅,我,体谅-我
0.0,0.0,0.0,0.291614776217,0.166957333451,attribute_1,体谅,自己,体谅-自己
0.0,0.0,0.0,0.329486207729,0.307335602836,attribute_1,体谅,我们,体谅-我们
0.0,0.0,0.0,0.0,0.0,attribute_1,体谅,我的,体谅-我的
0.0,0.0,0.0,0.0,0.0,attribute_1,体谅,我们的,体谅-我们的
0.0,0.0,0.0,0.0,0.0,attribute_1,非营利,我,非营利-我
0.0,0.0,0.0,0.0,0.0,attribute_1,非营利,自己,非营利-自己
0.0,0.0,0.0,0.0,0.0,attribute_1,非营利,我们,非营利-我们
0.0,0.0,0.0,0.0,0.0,attribute_1,非营利,我的,非营利-我的
0.0,0.0,0.0,0.0,0.0,attribute_1,非营利,我们的,非营利-我们的
0.0,0.0,0.0,0.0,0.0,attribute_1,普世,我,普世-我
0.0,0.0,0.0,0.0,0.0,attribute_1,普世,自己,普世-自己
0.0,0.0,0.0,0.0,0.0,attribute_1,普世,我们,普世-我们
0.0,0.0,0.0,0.0,0.0,attribute_1,普世,我的,普世-我的
0.0,0.0,0.0,0.0,0.0,attribute_1,普世,我们的,普世-我们的
0.258724625248,0.32294991208,0.215862393444,0.0955279626528,0.129395107317,attribute_1,责任,我,责任-我
0.335266393975,0.382694517868,0.296763172277,0.193093167179,0.166950068815,attribute_1,责任,自己,责任-自己
0.25906224775,0.283076132386,0.249927696998,0.14415300221,0.0850580099239,attribute_1,责任,我们,责任-我们
0.0,0.0,0.0,0.0,0.0,attribute_1,责任,我的,责任-我的
0.0,0.0,0.0,0.0,0.0,attribute_1,责任,我们的,责任-我们的
0.0,0.0,0.0,0.0,0.0,attribute_1,理疗,我,理疗-我
0.0,0.0,0.0,0.0,0.0,attribute_1,理疗,自己,理疗-自己
0.0,0.0,0.0,0.0,0.0,attribute_1,理疗,我们,理疗-我们
0.0,0.0,0.0,0.0,0.0,attribute_1,理疗,我的,理疗-我的
0.0,0.0,0.0,0.0,0.0,attribute_1,理疗,我们的,理疗-我们的
0.0,0.0,0.0,0.107466960281,0.0369669526649,attribute_1,互惠,我,互惠-我
0.0,0.0,0.0,0.0671676776986,0.0499761437753,attribute_1,互惠,自己,互惠-自己
0.0,0.0,0.0,0.0566767274151,0.0402453700466,attribute_1,互惠,我们,互惠-我们
0.0,0.0,0.0,0.0,0.0,attribute_1,互惠,我的,互惠-我的
0.0,0.0,0.0,0.0,0.0,attribute_1,互惠,我们的,互惠-我们的
0.332882618869,0.283634737099,0.210213074389,0.160509903638,0.181517514522,attribute_1,鼓舞,我,鼓舞-我
0.256743810014,0.305336518008,0.179726079302,0.0499386273757,0.0904910237521,attribute_1,鼓舞,自己,鼓舞-自己
0.357232763253,0.269007198854,0.242857175923,0.172032472983,0.252047432704,attribute_1,鼓舞,我们,鼓舞-我们
0.0,0.0,0.0,0.0,0.0,attribute_1,鼓舞,我的,鼓舞-我的
0.0,0.0,0.0,0.0,0.0,attribute_1,鼓舞,我们的,鼓舞-我们的
0.0,0.0,0.0,0.207521922637,0.272132623248,attribute_1,善良,我,善良-我
0.0,0.0,0.0,0.23601688217,0.263542388393,attribute_1,善良,自己,善良-自己
0.0,0.0,0.0,0.206625256247,0.216455053192,attribute_1,善良,我们,善良-我们
0.0,0.0,0.0,0.0,0.0,attribute_1,善良,我的,善良-我的
0.0,0.0,0.0,0.0,0.0,attribute_1,善良,我们的,善良-我们的
0.0,0.0,0.0,0.0,0.0,attribute_1,教给,我,教给-我
0.0,0.0,0.0,0.0,0.0,attribute_1,教给,自己,教给-自己
0.0,0.0,0.0,0.0,0.0,attribute_1,教给,我们,教给-我们
0.0,0.0,0.0,0.0,0.0,attribute_1,教给,我的,教给-我的
0.0,0.0,0.0,0.0,0.0,attribute_1,教给,我们的,教给-我们的
0.0,0.0,0.327679900997,0.193850188934,0.135910337179,attribute_1,接待,我,接待-我
0.0,0.0,0.209384724908,0.05355288922,0.0601884302443,attribute_1,接待,自己,接待-自己
0.0,0.0,0.259869236695,0.114393110207,0.144641280776,attribute_1,接待,我们,接待-我们
0.0,0.0,0.0,0.0,0.0,attribute_1,接待,我的,接待-我的
0.0,0.0,0.0,0.0,0.0,attribute_1,接待,我们的,接待-我们的
0.0577326116059,0.255608404152,0.0857358546076,0.122423927108,0.0706372601569,attribute_1,多样,我,多样-我
0.266626267395,0.301124781319,0.120476854221,0.130388225426,0.0945279577735,attribute_1,多样,自己,多样-自己
0.184380508148,0.285056578272,0.142370410383,0.147046181717,0.09498490823,attribute_1,多样,我们,多样-我们
0.0,0.0,0.0,0.0,0.0,attribute_1,多样,我的,多样-我的
0.0,0.0,0.0,0.0,0.0,attribute_1,多样,我们的,多样-我们的
0.0434760832104,0.24693432159,0.16919941783,0.0242332510418,0.0349200025362,attribute_1,完善,我,完善-我
0.283178004029,0.324580939006,0.238784233209,0.0913210317116,0.0861072982303,attribute_1,完善,自己,完善-自己
0.244496132861,0.279159656322,0.22592242282,0.0907315357884,0.129774677841,attribute_1,完善,我们,完善-我们
0.0,0.0,0.0,0.0,0.0,attribute_1,完善,我的,完善-我的
0.0,0.0,0.0,0.0,0.0,attribute_1,完善,我们的,完善-我们的
0.0,0.0,0.0,0.0,0.0,attribute_1,款待,我,款待-我
0.0,0.0,0.0,0.0,0.0,attribute_1,款待,自己,款待-自己
0.0,0.0,0.0,0.0,0.0,attribute_1,款待,我们,款待-我们
0.0,0.0,0.0,0.0,0.0,attribute_1,款待,我的,款待-我的
0.0,0.0,0.0,0.0,0.0,attribute_1,款待,我们的,款待-我们的
0.0,0.0,0.0,0.139279531825,0.191892183771,attribute_1,表扬,我,表扬-我
0.0,0.0,0.0,0.117403255862,0.0788166007971,attribute_1,表扬,自己,表扬-自己
0.0,0.0,0.0,0.126189169336,0.187304060722,attribute_1,表扬,我们,表扬-我们
0.0,0.0,0.0,0.0,0.0,attribute_1,表扬,我的,表扬-我的
0.0,0.0,0.0,0.0,0.0,attribute_1,表扬,我们的,表扬-我们的
0.0,0.0,0.0,0.0,0.143436699034,attribute_1,美德,我,美德-我
0.0,0.0,0.0,0.0,0.221310570047,attribute_1,美德,自己,美德-自己
0.0,0.0,0.0,0.0,0.19408454938,attribute_1,美德,我们,美德-我们
0.0,0.0,0.0,0.0,0.0,attribute_1,美德,我的,美德-我的
0.0,0.0,0.0,0.0,0.0,attribute_1,美德,我们的,美德-我们的
0.0,0.0,0.158421382026,0.208650982545,0.189839285764,attribute_1,贫穷,我,贫穷-我
0.0,0.0,0.208020599059,0.16604461882,0.113842734002,attribute_1,贫穷,自己,贫穷-自己
0.0,0.0,0.132080053883,0.147248730149,0.28112959558,attribute_1,贫穷,我们,贫穷-我们
0.0,0.0,0.0,0.0,0.0,attribute_1,贫穷,我的,贫穷-我的
0.0,0.0,0.0,0.0,0.0,attribute_1,贫穷,我们的,贫穷-我们的
0.0,0.0,0.309264451978,0.223060722825,0.183738253046,attribute_1,倾听,我,倾听-我
0.0,0.0,0.28500903162,0.196998743087,0.163844437386,attribute_1,倾听,自己,倾听-自己
0.0,0.0,0.320378139145,0.236534617152,0.175633894011,attribute_1,倾听,我们,倾听-我们
0.0,0.0,0.0,0.0,0.0,attribute_1,倾听,我的,倾听-我的
0.0,0.0,0.0,0.0,0.0,attribute_1,倾听,我们的,倾听-我们的
0.0,0.0,0.125952586859,0.170924598836,0.130145153036,attribute_1,治疗,我,治疗-我
0.0,0.0,0.115979142695,0.0634746311027,0.128788013946,attribute_1,治疗,自己,治疗-自己
0.0,0.0,0.165810830089,0.0527115269943,0.0765156657432,attribute_1,治疗,我们,治疗-我们
0.0,0.0,0.0,0.0,0.0,attribute_1,治疗,我的,治疗-我的
0.0,0.0,0.0,0.0,0.0,attribute_1,治疗,我们的,治疗-我们的
0.379919801294,0.356334406399,0.185142885738,0.177785145438,0.152695169243,attribute_1,关心,我,关心-我
0.514098016178,0.3686303608,0.223900839388,0.12584894199,0.126736404644,attribute_1,关心,自己,关心-自己
0.495883980092,0.343997754607,0.258289125714,0.245338783177,0.193134999293,attribute_1,关心,我们,关心-我们
0.0,0.0,0.0,0.0,0.0,attribute_1,关心,我的,关心-我的
0.0,0.0,0.0,0.0,0.0,attribute_1,关心,我们的,关心-我们的
0.28024374374,0.281408181041,0.136288190915,0.122429220369,0.086091840881,attribute_1,共有,我,共有-我
0.164594539568,0.222163443674,0.13139259367,0.0585538441521,0.13966130866,attribute_1,共有,自己,共有-自己
0.151267108421,0.233493752142,0.128584056345,0.0699699322182,0.0671506709978,attribute_1,共有,我们,共有-我们
0.0,0.0,0.0,0.0,0.0,attribute_1,共有,我的,共有-我的
0.0,0.0,0.0,0.0,0.0,attribute_1,共有,我们的,共有-我们的
0.243455009054,0.36024098939,0.186459270578,0.116407112276,0.146180613014,attribute_1,尊重,我,尊重-我
0.461516674235,0.378563674125,0.252737274016,0.24706999378,0.222027168836,attribute_1,尊重,自己,尊重-自己
0.410420361196,0.340847694266,0.228625536451,0.201902695543,0.149502878449,attribute_1,尊重,我们,尊重-我们
0.0,0.0,0.0,0.0,0.0,attribute_1,尊重,我的,尊重-我的
0.0,0.0,0.0,0.0,0.0,attribute_1,尊重,我们的,尊重-我们的
0.0,0.0,0.0,0.0545042123891,0.0853040641186,attribute_1,不公,我,不公-我
0.0,0.0,0.0,0.106057813238,0.0468790077252,attribute_1,不公,自己,不公-自己
0.0,0.0,0.0,0.186530055245,0.0957086443641,attribute_1,不公,我们,不公-我们
0.0,0.0,0.0,0.0,0.0,attribute_1,不公,我的,不公-我的
0.0,0.0,0.0,0.0,0.0,attribute_1,不公,我们的,不公-我们的
0.0772380735172,0.343629974527,0.149547984724,0.0691761924615,0.116996341002,attribute_1,公共,我,公共-我
0.385410798478,0.476514798264,0.196064447073,0.122825888902,0.154271112493,attribute_1,公共,自己,公共-自己
0.184743331751,0.349135893921,0.110212591861,0.00380482942785,0.103469428809,attribute_1,公共,我们,公共-我们
0.0,0.0,0.0,0.0,0.0,attribute_1,公共,我的,公共-我的
0.0,0.0,0.0,0.0,0.0,attribute_1,公共,我们的,公共-我们的
0.765530104988,0.63334214765,0.493886367065,0.406950343859,0.428465025464,attribute_1,孩子,我,孩子-我
0.456993089562,0.405989727441,0.306333064591,0.236761315299,0.259631104007,attribute_1,孩子,自己,孩子-自己
0.496877688982,0.384072419835,0.296620608582,0.256553395181,0.280687417729,attribute_1,孩子,我们,孩子-我们
0.0,0.0,0.0,0.0,0.0,attribute_1,孩子,我的,孩子-我的
0.0,0.0,0.0,0.0,0.0,attribute_1,孩子,我们的,孩子-我们的
0.0,0.0,0.0,0.20808263976,0.132867526627,attribute_1,免费,我,免费-我
0.0,0.0,0.0,0.108065042365,0.105179714221,attribute_1,免费,自己,免费-自己
0.0,0.0,0.0,0.0624915884948,0.0232697085291,attribute_1,免费,我们,免费-我们
0.0,0.0,0.0,0.0,0.0,attribute_1,免费,我的,免费-我的
0.0,0.0,0.0,0.0,0.0,attribute_1,免费,我们的,免费-我们的
0.264393173234,0.237262131315,0.186669585565,0.111306302197,0.051479109019,attribute_1,客观,我,客观-我
0.336905471617,0.326143764108,0.276117604908,0.170616005646,0.10574494309,attribute_1,客观,自己,客观-自己
0.428498867239,0.287515965527,0.28471597673,0.179845497155,0.240276938413,attribute_1,客观,我们,客观-我们
0.0,0.0,0.0,0.0,0.0,attribute_1,客观,我的,客观-我的
0.0,0.0,0.0,0.0,0.0,attribute_1,客观,我们的,客观-我们的
0.0,0.0,0.0,0.0,0.0,attribute_1,供奉,我,供奉-我
0.0,0.0,0.0,0.0,0.0,attribute_1,供奉,自己,供奉-自己
0.0,0.0,0.0,0.0,0.0,attribute_1,供奉,我们,供奉-我们
0.0,0.0,0.0,0.0,0.0,attribute_1,供奉,我的,供奉-我的
0.0,0.0,0.0,0.0,0.0,attribute_1,供奉,我们的,供奉-我们的
0.288100982656,0.225319604627,0.127329464752,0.0250422458946,0.0935610164279,attribute_1,包含,我,包含-我
0.335311234417,0.294929887567,0.163671748101,0.0865580652262,0.110905978106,attribute_1,包含,自己,包含-自己
0.369773089327,0.19542406049,0.172118971041,0.129986646339,0.0273357840213,attribute_1,包含,我们,包含-我们
0.0,0.0,0.0,0.0,0.0,attribute_1,包含,我的,包含-我的
0.0,0.0,0.0,0.0,0.0,attribute_1,包含,我们的,包含-我们的
0.250405077427,0.244393962959,0.130822770444,0.0927144677951,0.0383353239898,attribute_1,保卫,我,保卫-我
0.388095417652,0.390704706646,0.262288460238,0.140374539132,0.165663017943,attribute_1,保卫,自己,保卫-自己
0.360892313833,0.301904965093,0.204018767458,0.0540581747531,0.17531031925,attribute_1,保卫,我们,保卫-我们
0.0,0.0,0.0,0.0,0.0,attribute_1,保卫,我的,保卫-我的
0.0,0.0,0.0,0.0,0.0,attribute_1,保卫,我们的,保卫-我们的
0.0,0.0,0.0,0.196537508544,0.264842956148,attribute_1,情境,我,情境-我
0.0,0.0,0.0,0.22963743031,0.186667119815,attribute_1,情境,自己,情境-自己
0.0,0.0,0.0,0.20107295401,0.180118682438,attribute_1,情境,我们,情境-我们
0.0,0.0,0.0,0.0,0.0,attribute_1,情境,我的,情境-我的
0.0,0.0,0.0,0.0,0.0,attribute_1,情境,我们的,情境-我们的
0.0,0.0,0.0,0.0,0.0926728126345,attribute_1,赠与,我,赠与-我
0.0,0.0,0.0,0.0,0.143636359852,attribute_1,赠与,自己,赠与-自己
0.0,0.0,0.0,0.0,0.0956589020031,attribute_1,赠与,我们,赠与-我们
0.0,0.0,0.0,0.0,0.0,attribute_1,赠与,我的,赠与-我的
0.0,0.0,0.0,0.0,0.0,attribute_1,赠与,我们的,赠与-我们的
0.391526824646,0.362128343916,0.170383407028,0.156599073154,0.130954279791,attribute_1,一致,我,一致-我
0.374114095379,0.277250058712,0.16022605045,0.146760594247,0.0964679396892,attribute_1,一致,自己,一致-自己
0.465328837466,0.385193331037,0.302596485566,0.158773127813,0.207252778311,attribute_1,一致,我们,一致-我们
0.0,0.0,0.0,0.0,0.0,attribute_1,一致,我的,一致-我的
0.0,0.0,0.0,0.0,0.0,attribute_1,一致,我们的,一致-我们的
0.0,0.0,0.0,0.0,0.434501509052,attribute_1,宽恕,我,宽恕-我
0.0,0.0,0.0,0.0,0.40653700844,attribute_1,宽恕,自己,宽恕-自己
0.0,0.0,0.0,0.0,0.320870841029,attribute_1,宽恕,我们,宽恕-我们
0.0,0.0,0.0,0.0,0.0,attribute_1,宽恕,我的,宽恕-我的
0.0,0.0,0.0,0.0,0.0,attribute_1,宽恕,我们的,宽恕-我们的
0.556585931771,0.370217394672,0.255587749822,0.170538407293,0.170037240516,attribute_1,牺牲,我,牺牲-我
0.681816736016,0.454257570687,0.291839046976,0.153795369348,0.21851617175,attribute_1,牺牲,自己,牺牲-自己
0.542320171622,0.365902159119,0.232201694121,0.16387765287,0.184712547521,attribute_1,牺牲,我们,牺牲-我们
0.0,0.0,0.0,0.0,0.0,attribute_1,牺牲,我的,牺牲-我的
0.0,0.0,0.0,0.0,0.0,attribute_1,牺牲,我们的,牺牲-我们的
0.0,0.0,0.0,0.217118732788,0.162445552159,attribute_1,诽谤,我,诽谤-我
0.0,0.0,0.0,0.14974756551,0.181017873521,attribute_1,诽谤,自己,诽谤-自己
0.0,0.0,0.0,0.184488606823,0.109337059583,attribute_1,诽谤,我们,诽谤-我们
0.0,0.0,0.0,0.0,0.0,attribute_1,诽谤,我的,诽谤-我的
0.0,0.0,0.0,0.0,0.0,attribute_1,诽谤,我们的,诽谤-我们的
0.325176674335,0.340621791686,0.140267564656,0.1099528546,0.232915489318,attribute_1,注意,我,注意-我
0.334357083893,0.212791675179,0.215774915437,0.0770689787101,0.112443697661,attribute_1,注意,自己,注意-自己
0.483411884978,0.357074900591,0.210263640733,0.192268654836,0.252428628781,attribute_1,注意,我们,注意-我们
0.0,0.0,0.0,0.0,0.0,attribute_1,注意,我的,注意-我的
0.0,0.0,0.0,0.0,0.0,attribute_1,注意,我们的,注意-我们的
0.181460406533,0.264594876466,0.215335639542,0.0849177619509,0.128379347991,attribute_1,合作,我,合作-我
0.0763966360813,0.198870954449,0.12766818212,0.113532057314,0.0919041673966,attribute_1,合作,自己,合作-自己
0.342937901233,0.271995939017,0.224157194246,0.143539416757,0.126581519061,attribute_1,合作,我们,合作-我们
0.0,0.0,0.0,0.0,0.0,attribute_1,合作,我的,合作-我的
0.0,0.0,0.0,0.0,0.0,attribute_1,合作,我们的,合作-我们的
0.0,0.0,0.0,0.147398970843,0.0787597099382,attribute_1,社团,我,社团-我
0.0,0.0,0.0,0.0827630874806,0.121588208287,attribute_1,社团,自己,社团-自己
0.0,0.0,0.0,0.0952478232914,0.126524032173,attribute_1,社团,我们,社团-我们
0.0,0.0,0.0,0.0,0.0,attribute_1,社团,我的,社团-我的
0.0,0.0,0.0,0.0,0.0,attribute_1,社团,我们的,社团-我们的
0.160579285711,0.16173266355,0.117150054434,0.102964497715,0.0566133394983,attribute_1,普遍,我,普遍-我
0.29800765265,0.236186472731,0.113881504998,0.0926268515793,0.0309735907986,attribute_1,普遍,自己,普遍-自己
0.285497266196,0.26062798765,0.19311868387,0.16733832577,0.116688832041,attribute_1,普遍,我们,普遍-我们
0.0,0.0,0.0,0.0,0.0,attribute_1,普遍,我的,普遍-我的
0.0,0.0,0.0,0.0,0.0,attribute_1,普遍,我们的,普遍-我们的
0.111773853238,0.0,0.0,0.0815075939426,0.00646372953999,attribute_1,授权,我,授权-我
0.0930851392236,0.0,0.0,0.0592340077473,-0.00139743980549,attribute_1,授权,自己,授权-自己
0.144187320174,0.0,0.0,-0.0458495059779,0.0167959020939,attribute_1,授权,我们,授权-我们
0.0,0.0,0.0,0.0,0.0,attribute_1,授权,我的,授权-我的
0.0,0.0,0.0,0.0,0.0,attribute_1,授权,我们的,授权-我们的
0.0603901983354,0.0,0.126275583176,0.0731285422734,0.0345135424951,attribute_1,生态,我,生态-我
0.289015521035,0.0,0.14544410503,0.103892572106,0.0310817609213,attribute_1,生态,自己,生态-自己
0.22514035606,0.0,0.164782274638,0.0517190238209,0.100674576704,attribute_1,生态,我们,生态-我们
0.0,0.0,0.0,0.0,0.0,attribute_1,生态,我的,生态-我的
0.0,0.0,0.0,0.0,0.0,attribute_1,生态,我们的,生态-我们的
0.144263259352,0.212175778365,0.12203669788,0.064788906956,0.0931430454571,attribute_1,协作,我,协作-我
0.215798906416,0.280585202923,0.11226109547,0.0914141328291,0.0856904923092,attribute_1,协作,自己,协作-自己
0.370175894909,0.229682340094,0.151760827153,0.0246254425352,0.0512937951821,attribute_1,协作,我们,协作-我们
0.0,0.0,0.0,0.0,0.0,attribute_1,协作,我的,协作-我的
0.0,0.0,0.0,0.0,0.0,attribute_1,协作,我们的,协作-我们的
0.403120923648,0.41092658849,0.187848761797,0.20410523991,0.146181873676,attribute_1,医院,我,医院-我
0.281258947815,0.411288430482,0.13640975627,0.138205696156,0.115316984207,attribute_1,医院,自己,医院-自己
0.361386496634,0.356748463532,0.143619792433,0.0775372544136,0.0794213019926,attribute_1,医院,我们,医院-我们
0.0,0.0,0.0,0.0,0.0,attribute_1,医院,我的,医院-我的
0.0,0.0,0.0,0.0,0.0,attribute_1,医院,我们的,医院-我们的
0.0,0.0,0.0,0.0,0.28467118071,attribute_1,坦诚,我,坦诚-我
0.0,0.0,0.0,0.0,0.195731699299,attribute_1,坦诚,自己,坦诚-自己
0.0,0.0,0.0,0.0,0.228433183971,attribute_1,坦诚,我们,坦诚-我们
0.0,0.0,0.0,0.0,0.0,attribute_1,坦诚,我的,坦诚-我的
0.0,0.0,0.0,0.0,0.0,attribute_1,坦诚,我们的,坦诚-我们的
0.0,0.0,0.0,0.0,0.0,attribute_1,至善,我,至善-我
0.0,0.0,0.0,0.0,0.0,attribute_1,至善,自己,至善-自己
0.0,0.0,0.0,0.0,0.0,attribute_1,至善,我们,至善-我们
0.0,0.0,0.0,0.0,0.0,attribute_1,至善,我的,至善-我的
0.0,0.0,0.0,0.0,0.0,attribute_1,至善,我们的,至善-我们的
0.0,0.0,0.0,0.0,0.0,attribute_1,双赢,我,双赢-我
0.0,0.0,0.0,0.0,0.0,attribute_1,双赢,自己,双赢-自己
0.0,0.0,0.0,0.0,0.0,attribute_1,双赢,我们,双赢-我们
0.0,0.0,0.0,0.0,0.0,attribute_1,双赢,我的,双赢-我的
0.0,0.0,0.0,0.0,0.0,attribute_1,双赢,我们的,双赢-我们的
0.0,0.0,0.0,0.245562573225,0.148928052423,attribute_1,救助,我,救助-我
0.0,0.0,0.0,0.110887918955,0.0346108254034,attribute_1,救助,自己,救助-自己
0.0,0.0,0.0,0.18680554553,0.0755008842727,attribute_1,救助,我们,救助-我们
0.0,0.0,0.0,0.0,0.0,attribute_1,救助,我的,救助-我的
0.0,0.0,0.0,0.0,0.0,attribute_1,救助,我们的,救助-我们的
0.0,0.0,0.0,0.0,0.0,attribute_1,宽厚,我,宽厚-我
0.0,0.0,0.0,0.0,0.0,attribute_1,宽厚,自己,宽厚-自己
0.0,0.0,0.0,0.0,0.0,attribute_1,宽厚,我们,宽厚-我们
0.0,0.0,0.0,0.0,0.0,attribute_1,宽厚,我的,宽厚-我的
0.0,0.0,0.0,0.0,0.0,attribute_1,宽厚,我们的,宽厚-我们的
0.388297925495,0.304944983314,0.158969141475,0.178128771205,0.145442796606,attribute_1,拥护,我,拥护-我
0.364494665344,0.22389365898,0.132495319111,0.118867633796,0.0492890562547,attribute_1,拥护,自己,拥护-自己
0.463032184996,0.358971639265,0.154028418336,0.0979515523442,0.268105976027,attribute_1,拥护,我们,拥护-我们
0.0,0.0,0.0,0.0,0.0,attribute_1,拥护,我的,拥护-我的
0.0,0.0,0.0,0.0,0.0,attribute_1,拥护,我们的,拥护-我们的
0.424999597152,0.271977842288,0.138027467956,0.162423247124,0.123189370365,attribute_1,解放,我,解放-我
0.360692176188,0.274736910242,0.167309863017,0.0705188327213,0.11477349012,attribute_1,解放,自己,解放-自己
0.419283533281,0.274631514348,0.117183721175,0.179532803464,0.190860013668,attribute_1,解放,我们,解放-我们
0.0,0.0,0.0,0.0,0.0,attribute_1,解放,我的,解放-我的
0.0,0.0,0.0,0.0,0.0,attribute_1,解放,我们的,解放-我们的
0.049603875121,0.0,0.0971116142218,0.107694414519,0.00571265583212,attribute_1,参与,我,参与-我
0.345309431278,0.0,0.206637000765,0.0867926510247,0.0774492332412,attribute_1,参与,自己,参与-自己
0.245981363397,0.0,0.147755790041,0.0495723995106,0.0497057276607,attribute_1,参与,我们,参与-我们
0.0,0.0,0.0,0.0,0.0,attribute_1,参与,我的,参与-我的
0.0,0.0,0.0,0.0,0.0,attribute_1,参与,我们的,参与-我们的
0.0,0.0,0.406213264419,0.293498655845,0.294397185831,attribute_1,平静,我,平静-我
0.0,0.0,0.289482375834,0.204896391501,0.172883820945,attribute_1,平静,自己,平静-自己
0.0,0.0,0.283544207358,0.260668450587,0.224505877645,attribute_1,平静,我们,平静-我们
0.0,0.0,0.0,0.0,0.0,attribute_1,平静,我的,平静-我的
0.0,0.0,0.0,0.0,0.0,attribute_1,平静,我们的,平静-我们的
0.168859626646,0.0,0.22649522613,0.0598110530282,0.100191053282,attribute_1,公平,我,公平-我
0.325620708814,0.0,0.259116650581,0.067626703817,0.0935170605392,attribute_1,公平,自己,公平-自己
0.320335896059,0.0,0.141468478785,0.151395209571,0.0861328819324,attribute_1,公平,我们,公平-我们
0.0,0.0,0.0,0.0,0.0,attribute_1,公平,我的,公平-我的
0.0,0.0,0.0,0.0,0.0,attribute_1,公平,我们的,公平-我们的
0.0,0.404600717489,0.337599493927,0.276549980481,0.178203645495,attribute_1,招待,我,招待-我
0.0,0.209571491147,0.130032973353,0.0557768186826,0.0424116241853,attribute_1,招待,自己,招待-自己
0.0,0.334081384988,0.262322612687,0.204881459997,0.126465477324,attribute_1,招待,我们,招待-我们
0.0,0.0,0.0,0.0,0.0,attribute_1,招待,我的,招待-我的
0.0,0.0,0.0,0.0,0.0,attribute_1,招待,我们的,招待-我们的
0.266068865908,0.298356148566,0.13260540388,0.201320362757,0.134318444716,attribute_1,正义,我,正义-我
0.322030418663,0.304458099499,0.171864863819,0.12872281961,0.131749508804,attribute_1,正义,自己,正义-自己
0.381285857833,0.352929706622,0.18521360271,0.0931351957967,0.132334048013,attribute_1,正义,我们,正义-我们
0.0,0.0,0.0,0.0,0.0,attribute_1,正义,我的,正义-我的
0.0,0.0,0.0,0.0,0.0,attribute_1,正义,我们的,正义-我们的
0.0,0.0,0.0,0.162306569841,0.157840106979,attribute_1,礼貌,我,礼貌-我
0.0,0.0,0.0,0.110659609397,0.0883219499165,attribute_1,礼貌,自己,礼貌-自己
0.0,0.0,0.0,0.146849901671,0.262698028755,attribute_1,礼貌,我们,礼貌-我们
0.0,0.0,0.0,0.0,0.0,attribute_1,礼貌,我的,礼貌-我的
0.0,0.0,0.0,0.0,0.0,attribute_1,礼貌,我们的,礼貌-我们的
0.0,0.0,0.0,0.0,0.0,attribute_1,多种,我,多种-我
0.0,0.0,0.0,0.0,0.0,attribute_1,多种,自己,多种-自己
0.0,0.0,0.0,0.0,0.0,attribute_1,多种,我们,多种-我们
0.0,0.0,0.0,0.0,0.0,attribute_1,多种,我的,多种-我的
0.0,0.0,0.0,0.0,0.0,attribute_1,多种,我们的,多种-我们的
0.0,0.0,0.0,0.354220620527,0.41469572772,attribute_1,直率,我,直率-我
0.0,0.0,0.0,0.212207609781,0.259428988314,attribute_1,直率,自己,直率-自己
0.0,0.0,0.0,0.350624266384,0.389679756643,attribute_1,直率,我们,直率-我们
0.0,0.0,0.0,0.0,0.0,attribute_1,直率,我的,直率-我的
0.0,0.0,0.0,0.0,0.0,attribute_1,直率,我们的,直率-我们的
0.0,0.0,0.0,0.0,0.0,attribute_1,利他,我,利他-我
0.0,0.0,0.0,0.0,0.0,attribute_1,利他,自己,利他-自己
0.0,0.0,0.0,0.0,0.0,attribute_1,利他,我们,利他-我们
0.0,0.0,0.0,0.0,0.0,attribute_1,利他,我的,利他-我的
0.0,0.0,0.0,0.0,0.0,attribute_1,利他,我们的,利他-我们的
0.0,0.0,0.0,0.0,0.0,attribute_2,守卫,他,守卫-他
0.0,0.0,0.0,0.0,0.0,attribute_2,守卫,别人,守卫-别人
0.0,0.0,0.0,0.0,0.0,attribute_2,守卫,他们,守卫-他们
0.0,0.0,0.0,0.0,0.0,attribute_2,守卫,他的,守卫-他的
0.0,0.0,0.0,0.0,0.0,attribute_2,守卫,他们的,守卫-他们的
0.0,0.0,0.275729028195,0.185887005502,0.175031405341,attribute_2,真诚,他,真诚-他
0.0,0.0,0.195899618715,0.0828192119962,0.221729284265,attribute_2,真诚,别人,真诚-别人
0.0,0.0,0.294260710763,0.245540500804,0.251750702222,attribute_2,真诚,他们,真诚-他们
0.0,0.0,0.0,0.0,0.0,attribute_2,真诚,他的,真诚-他的
0.0,0.0,0.0,0.0,0.0,attribute_2,真诚,他们的,真诚-他们的
0.0,0.0,0.0,0.0,0.0,attribute_2,好客,他,好客-他
0.0,0.0,0.0,0.0,0.0,attribute_2,好客,别人,好客-别人
0.0,0.0,0.0,0.0,0.0,attribute_2,好客,他们,好客-他们
0.0,0.0,0.0,0.0,0.0,attribute_2,好客,他的,好客-他的
0.0,0.0,0.0,0.0,0.0,attribute_2,好客,他们的,好客-他们的
0.0,0.0,0.222175908457,0.167102372908,0.0528942180908,attribute_2,辩护,他,辩护-他
0.0,0.0,0.33287686084,0.306447366395,0.166746805866,attribute_2,辩护,别人,辩护-别人
0.0,0.0,0.222063218363,0.215209533809,0.177769162154,attribute_2,辩护,他们,辩护-他们
0.0,0.0,0.0,0.0,0.0,attribute_2,辩护,他的,辩护-他的
0.0,0.0,0.0,0.0,0.0,attribute_2,辩护,他们的,辩护-他们的
0.181402655632,0.313266539551,0.0973153985052,0.0821081370725,0.0695396198377,attribute_2,支持,他,支持-他
0.355832586138,0.235535708553,0.130346176396,0.0645745217261,0.0801681662927,attribute_2,支持,别人,支持-别人
0.362029113068,0.328066152242,0.180938462058,0.11603135885,0.137393806074,attribute_2,支持,他们,支持-他们
0.0,0.0,0.0,0.0,0.0,attribute_2,支持,他的,支持-他的
0.0,0.0,0.0,0.0,0.0,attribute_2,支持,他们的,支持-他们的
0.0,0.0,0.193796804678,0.187084400271,0.209419742484,attribute_2,软弱,他,软弱-他
0.0,0.0,0.143856136191,0.0887925282301,0.0969124348722,attribute_2,软弱,别人,软弱-别人
0.0,0.0,0.287166907302,0.205759563455,0.250351481109,attribute_2,软弱,他们,软弱-他们
0.0,0.0,0.0,0.0,0.0,attribute_2,软弱,他的,软弱-他的
0.0,0.0,0.0,0.0,0.0,attribute_2,软弱,他们的,软弱-他们的
0.0,0.0,0.0,0.347022372167,0.269771054413,attribute_2,诚挚,他,诚挚-他
0.0,0.0,0.0,0.20063833143,0.171019575509,attribute_2,诚挚,别人,诚挚-别人
0.0,0.0,0.0,0.266062849251,0.259529538358,attribute_2,诚挚,他们,诚挚-他们
0.0,0.0,0.0,0.0,0.0,attribute_2,诚挚,他的,诚挚-他的
0.0,0.0,0.0,0.0,0.0,attribute_2,诚挚,他们的,诚挚-他们的
0.424495017008,0.282123449832,0.146510836225,0.0724273385841,0.0836683770957,attribute_2,依靠,他,依靠-他
0.613918849563,0.327457352922,0.208756874668,0.179259422744,0.143772075036,attribute_2,依靠,别人,依靠-别人
0.657362901563,0.363778979728,0.232653023608,0.185257040541,0.125306089985,attribute_2,依靠,他们,依靠-他们
0.0,0.0,0.0,0.0,0.0,attribute_2,依靠,他的,依靠-他的
0.0,0.0,0.0,0.0,0.0,attribute_2,依靠,他们的,依靠-他们的
0.233785931345,0.256808933472,0.114968958096,0.0835906481439,0.074264226669,attribute_2,互助,他,互助-他
0.323088062705,0.247826571543,0.175241901561,0.0863002653177,0.150616635476,attribute_2,互助,别人,互助-别人
0.346873922436,0.314363048933,0.214232952544,0.0998214199443,0.138232109137,attribute_2,互助,他们,互助-他们
0.0,0.0,0.0,0.0,0.0,attribute_2,互助,他的,互助-他的
0.0,0.0,0.0,0.0,0.0,attribute_2,互助,他们的,互助-他们的
0.0,0.0,0.0,0.0,0.0,attribute_2,道贺,他,道贺-他
0.0,0.0,0.0,0.0,0.0,attribute_2,道贺,别人,道贺-别人
0.0,0.0,0.0,0.0,0.0,attribute_2,道贺,他们,道贺-他们
0.0,0.0,0.0,0.0,0.0,attribute_2,道贺,他的,道贺-他的
0.0,0.0,0.0,0.0,0.0,attribute_2,道贺,他们的,道贺-他们的
0.0,0.0,0.0,0.0,0.0,attribute_2,走到,他,走到-他
0.0,0.0,0.0,0.0,0.0,attribute_2,走到,别人,走到-别人
0.0,0.0,0.0,0.0,0.0,attribute_2,走到,他们,走到-他们
0.0,0.0,0.0,0.0,0.0,attribute_2,走到,他的,走到-他的
0.0,0.0,0.0,0.0,0.0,attribute_2,走到,他们的,走到-他们的
0.0,0.0,0.0,0.0,0.0,attribute_2,可信,他,可信-他
0.0,0.0,0.0,0.0,0.0,attribute_2,可信,别人,可信-别人
0.0,0.0,0.0,0.0,0.0,attribute_2,可信,他们,可信-他们
0.0,0.0,0.0,0.0,0.0,attribute_2,可信,他的,可信-他的
0.0,0.0,0.0,0.0,0.0,attribute_2,可信,他们的,可信-他们的
0.0,0.0,0.191892901223,0.126762690859,0.0892692490899,attribute_2,喜爱,他,喜爱-他
0.0,0.0,0.298792673159,0.0822932625691,0.144537595333,attribute_2,喜爱,别人,喜爱-别人
0.0,0.0,0.243304060485,0.0845238766336,0.175548722852,attribute_2,喜爱,他们,喜爱-他们
0.0,0.0,0.0,0.0,0.0,attribute_2,喜爱,他的,喜爱-他的
0.0,0.0,0.0,0.0,0.0,attribute_2,喜爱,他们的,喜爱-他们的
0.0,0.0,0.0,0.218762573947,0.214058829327,attribute_2,饶恕,他,饶恕-他
0.0,0.0,0.0,0.245049284198,0.214970790445,attribute_2,饶恕,别人,饶恕-别人
0.0,0.0,0.0,0.215568969367,0.219036110166,attribute_2,饶恕,他们,饶恕-他们
0.0,0.0,0.0,0.0,0.0,attribute_2,饶恕,他的,饶恕-他的
0.0,0.0,0.0,0.0,0.0,attribute_2,饶恕,他们的,饶恕-他们的
0.0,0.0,0.0,0.307579279275,0.217983505987,attribute_2,善意,他,善意-他
0.0,0.0,0.0,0.272611374241,0.198179996581,attribute_2,善意,别人,善意-别人
0.0,0.0,0.0,0.328316733838,0.267157024609,attribute_2,善意,他们,善意-他们
0.0,0.0,0.0,0.0,0.0,attribute_2,善意,他的,善意-他的
0.0,0.0,0.0,0.0,0.0,attribute_2,善意,他们的,善意-他们的
0.0,0.0,0.0,0.082146327644,0.0417176413658,attribute_2,交互,他,交互-他
0.0,0.0,0.0,0.1107120175,0.159546975373,attribute_2,交互,别人,交互-别人
0.0,0.0,0.0,0.152771182298,0.135798822455,attribute_2,交互,他们,交互-他们
0.0,0.0,0.0,0.0,0.0,attribute_2,交互,他的,交互-他的
0.0,0.0,0.0,0.0,0.0,attribute_2,交互,他们的,交互-他们的
0.0,0.0,0.269047308409,0.268366834645,0.235233413006,attribute_2,平易近人,他,平易近人-他
0.0,0.0,0.272097162408,0.237647835313,0.230662039172,attribute_2,平易近人,别人,平易近人-别人
0.0,0.0,0.32648555007,0.341019982206,0.317518984373,attribute_2,平易近人,他们,平易近人-他们
0.0,0.0,0.0,0.0,0.0,attribute_2,平易近人,他的,平易近人-他的
0.0,0.0,0.0,0.0,0.0,attribute_2,平易近人,他们的,平易近人-他们的
0.0,0.0,0.0,0.173932204288,0.121114613722,attribute_2,慈善,他,慈善-他
0.0,0.0,0.0,0.107335462137,0.202557110391,attribute_2,慈善,别人,慈善-别人
0.0,0.0,0.0,0.175353172348,0.150571716027,attribute_2,慈善,他们,慈善-他们
0.0,0.0,0.0,0.0,0.0,attribute_2,慈善,他的,慈善-他的
0.0,0.0,0.0,0.0,0.0,attribute_2,慈善,他们的,慈善-他们的
0.0,0.0,0.351522879062,0.0877129326824,0.134504588393,attribute_2,对话,他,对话-他
0.0,0.0,0.287195729791,0.139317384173,0.0839782170579,attribute_2,对话,别人,对话-别人
0.0,0.0,0.278994081109,0.176753499083,0.180925166409,attribute_2,对话,他们,对话-他们
0.0,0.0,0.0,0.0,0.0,attribute_2,对话,他的,对话-他的
0.0,0.0,0.0,0.0,0.0,attribute_2,对话,他们的,对话-他们的
0.0,0.0,0.0,0.215252583907,0.153806405342,attribute_2,赠送,他,赠送-他
0.0,0.0,0.0,0.256336957011,0.213765314584,attribute_2,赠送,别人,赠送-别人
0.0,0.0,0.0,0.214452445237,0.12473354549,attribute_2,赠送,他们,赠送-他们
0.0,0.0,0.0,0.0,0.0,attribute_2,赠送,他的,赠送-他的
0.0,0.0,0.0,0.0,0.0,attribute_2,赠送,他们的,赠送-他们的
0.0,0.0,0.0,0.301644484446,0.265609086774,attribute_2,赞美,他,赞美-他
0.0,0.0,0.0,0.153587076039,0.253645479264,attribute_2,赞美,别人,赞美-别人
0.0,0.0,0.0,0.252032282182,0.29384630826,attribute_2,赞美,他们,赞美-他们
0.0,0.0,0.0,0.0,0.0,attribute_2,赞美,他的,赞美-他的
0.0,0.0,0.0,0.0,0.0,attribute_2,赞美,他们的,赞美-他们的
0.0,0.0,0.0,0.0,0.0,attribute_2,善行,他,善行-他
0.0,0.0,0.0,0.0,0.0,attribute_2,善行,别人,善行-别人
0.0,0.0,0.0,0.0,0.0,attribute_2,善行,他们,善行-他们
0.0,0.0,0.0,0.0,0.0,attribute_2,善行,他的,善行-他的
0.0,0.0,0.0,0.0,0.0,attribute_2,善行,他们的,善行-他们的
0.0,0.0,0.135151573509,0.176704143284,0.176927903684,attribute_2,无情,他,无情-他
0.0,0.0,0.223227637587,0.292735094438,0.266345529927,attribute_2,无情,别人,无情-别人
0.0,0.0,0.251619244025,0.198718406587,0.204963783943,attribute_2,无情,他们,无情-他们
0.0,0.0,0.0,0.0,0.0,attribute_2,无情,他的,无情-他的
0.0,0.0,0.0,0.0,0.0,attribute_2,无情,他们的,无情-他们的
0.0,0.0,0.252298286242,0.180941425878,0.194642219823,attribute_2,称赞,他,称赞-他
0.0,0.0,0.297331996144,0.171391535949,0.233638541681,attribute_2,称赞,别人,称赞-别人
0.0,0.0,0.282982742967,0.121075760714,0.222142342305,attribute_2,称赞,他们,称赞-他们
0.0,0.0,0.0,0.0,0.0,attribute_2,称赞,他的,称赞-他的
0.0,0.0,0.0,0.0,0.0,attribute_2,称赞,他们的,称赞-他们的
0.0,0.0,0.0,0.0,0.0,attribute_2,靠谱,他,靠谱-他
0.0,0.0,0.0,0.0,0.0,attribute_2,靠谱,别人,靠谱-别人
0.0,0.0,0.0,0.0,0.0,attribute_2,靠谱,他们,靠谱-他们
0.0,0.0,0.0,0.0,0.0,attribute_2,靠谱,他的,靠谱-他的
0.0,0.0,0.0,0.0,0.0,attribute_2,靠谱,他们的,靠谱-他们的
0.0,0.0,0.0,0.176098747514,0.0872642733943,attribute_2,诚实,他,诚实-他
0.0,0.0,0.0,0.148543287573,0.148858198959,attribute_2,诚实,别人,诚实-别人
0.0,0.0,0.0,0.222154211883,0.140618755292,attribute_2,诚实,他们,诚实-他们
0.0,0.0,0.0,0.0,0.0,attribute_2,诚实,他的,诚实-他的
0.0,0.0,0.0,0.0,0.0,attribute_2,诚实,他们的,诚实-他们的
0.0,0.0,0.223755066856,0.238879244728,0.185769838318,attribute_2,导师,他,导师-他
0.0,0.0,0.12322753463,0.0412877861864,0.141330871684,attribute_2,导师,别人,导师-别人
0.0,0.0,0.236781719133,0.150260857456,0.148409794046,attribute_2,导师,他们,导师-他们
0.0,0.0,0.0,0.0,0.0,attribute_2,导师,他的,导师-他的
0.0,0.0,0.0,0.0,0.0,attribute_2,导师,他们的,导师-他们的
0.0,0.0,0.0,0.0,0.0,attribute_2,偏袒,他,偏袒-他
0.0,0.0,0.0,0.0,0.0,attribute_2,偏袒,别人,偏袒-别人
0.0,0.0,0.0,0.0,0.0,attribute_2,偏袒,他们,偏袒-他们
0.0,0.0,0.0,0.0,0.0,attribute_2,偏袒,他的,偏袒-他的
0.0,0.0,0.0,0.0,0.0,attribute_2,偏袒,他们的,偏袒-他们的
0.324346392992,0.288225721906,0.117453402417,0.0496646432518,0.0615902984746,attribute_2,整体,他,整体-他
0.494238014737,0.360663126226,0.230900450388,0.0925188436283,0.0771551710123,attribute_2,整体,别人,整体-别人
0.492261324867,0.267258925822,0.186774869815,0.133700043871,0.0992718651355,attribute_2,整体,他们,整体-他们
0.0,0.0,0.0,0.0,0.0,attribute_2,整体,他的,整体-他的
0.0,0.0,0.0,0.0,0.0,attribute_2,整体,他们的,整体-他们的
0.0,0.0,0.211684623032,0.0892068480631,0.0752439129784,attribute_2,含有,他,含有-他
0.0,0.0,0.246022837636,0.0972564007702,0.0941823115908,attribute_2,含有,别人,含有-别人
0.0,0.0,0.308619622989,0.0724661862173,0.0806164969575,attribute_2,含有,他们,含有-他们
0.0,0.0,0.0,0.0,0.0,attribute_2,含有,他的,含有-他的
0.0,0.0,0.0,0.0,0.0,attribute_2,含有,他们的,含有-他们的
0.0944639702152,0.0,0.181145755229,0.0733343502329,0.0814458171272,attribute_2,污染,他,污染-他
0.316982168238,0.0,0.197446907639,0.0605572691465,0.0777709896446,attribute_2,污染,别人,污染-别人
0.154834210882,0.0,0.17137376172,0.0836724255724,0.00366840578307,attribute_2,污染,他们,污染-他们
0.0,0.0,0.0,0.0,0.0,attribute_2,污染,他的,污染-他的
0.0,0.0,0.0,0.0,0.0,attribute_2,污染,他们的,污染-他们的
0.0,0.0,0.0,0.0683454781863,0.0651790363828,attribute_2,应对,他,应对-他
0.0,0.0,0.0,0.105571312399,0.124584776412,attribute_2,应对,别人,应对-别人
0.0,0.0,0.0,0.134132943595,0.068551437574,attribute_2,应对,他们,应对-他们
0.0,0.0,0.0,0.0,0.0,attribute_2,应对,他的,应对-他的
0.0,0.0,0.0,0.0,0.0,attribute_2,应对,他们的,应对-他们的
0.0629467671521,0.211520257256,0.130893013425,0.0495915050405,0.037823241569,attribute_2,保护,他,保护-他
0.266901784327,0.34972393957,0.25693849411,0.155804582115,0.105582190413,attribute_2,保护,别人,保护-别人
0.243584587021,0.39452800713,0.190156319718,0.139859418875,0.13829615469,attribute_2,保护,他们,保护-他们
0.0,0.0,0.0,0.0,0.0,attribute_2,保护,他的,保护-他的
0.0,0.0,0.0,0.0,0.0,attribute_2,保护,他们的,保护-他们的
0.0,0.0,0.0,0.0,0.0,attribute_2,体贴,他,体贴-他
0.0,0.0,0.0,0.0,0.0,attribute_2,体贴,别人,体贴-别人
0.0,0.0,0.0,0.0,0.0,attribute_2,体贴,他们,体贴-他们
0.0,0.0,0.0,0.0,0.0,attribute_2,体贴,他的,体贴-他的
0.0,0.0,0.0,0.0,0.0,attribute_2,体贴,他们的,体贴-他们的
0.0,0.0,0.0,0.0,0.152377564871,attribute_2,团伙,他,团伙-他
0.0,0.0,0.0,0.0,0.151595921087,attribute_2,团伙,别人,团伙-别人
0.0,0.0,0.0,0.0,0.209315318403,attribute_2,团伙,他们,团伙-他们
0.0,0.0,0.0,0.0,0.0,attribute_2,团伙,他的,团伙-他的
0.0,0.0,0.0,0.0,0.0,attribute_2,团伙,他们的,团伙-他们的
0.0,0.0,0.231568537514,0.171072323006,0.192515038709,attribute_2,创伤,他,创伤-他
0.0,0.0,0.163191778276,0.105747030719,0.0720651162046,attribute_2,创伤,别人,创伤-别人
0.0,0.0,0.173885855024,0.166236235961,0.149115743718,attribute_2,创伤,他们,创伤-他们
0.0,0.0,0.0,0.0,0.0,attribute_2,创伤,他的,创伤-他的
0.0,0.0,0.0,0.0,0.0,attribute_2,创伤,他们的,创伤-他们的
0.400236103755,0.359974960268,0.10794843135,0.135724131168,0.111574671498,attribute_2,地球,他,地球-他
0.466259803149,0.43759273257,0.141178035159,0.0441987231833,0.0901929455071,attribute_2,地球,别人,地球-别人
0.32681002911,0.354506815899,0.098309557402,0.110132742667,0.0983158999309,attribute_2,地球,他们,地球-他们
0.0,0.0,0.0,0.0,0.0,attribute_2,地球,他的,地球-他的
0.0,0.0,0.0,0.0,0.0,attribute_2,地球,他们的,地球-他们的
0.0,0.0,0.0,0.32434139113,0.177433575998,attribute_2,无私,他,无私-他
0.0,0.0,0.0,0.240836712888,0.235082540118,attribute_2,无私,别人,无私-别人
0.0,0.0,0.0,0.345910434643,0.214828696291,attribute_2,无私,他们,无私-他们
0.0,0.0,0.0,0.0,0.0,attribute_2,无私,他的,无私-他的
0.0,0.0,0.0,0.0,0.0,attribute_2,无私,他们的,无私-他们的
0.211627979733,0.301731886513,0.215384734086,0.103147711508,0.0689959200686,attribute_2,集体,他,集体-他
0.336032002325,0.348316898439,0.250443703389,0.192942207701,0.210011755929,attribute_2,集体,别人,集体-别人
0.426644469591,0.386531103476,0.268033630158,0.155024560087,0.110013483202,attribute_2,集体,他们,集体-他们
0.0,0.0,0.0,0.0,0.0,attribute_2,集体,他的,集体-他的
0.0,0.0,0.0,0.0,0.0,attribute_2,集体,他们的,集体-他们的
0.0,0.0,0.305607125114,0.111448938169,0.123959187699,attribute_2,相等,他,相等-他
0.0,0.0,0.261240866386,0.172458822434,0.10414483202,attribute_2,相等,别人,相等-别人
0.0,0.0,0.324939384229,0.137934219948,0.105376434318,attribute_2,相等,他们,相等-他们
0.0,0.0,0.0,0.0,0.0,attribute_2,相等,他的,相等-他的
0.0,0.0,0.0,0.0,0.0,attribute_2,相等,他们的,相等-他们的
0.0,0.0,0.0,0.18773436883,0.145368552817,attribute_2,热心,他,热心-他
0.0,0.0,0.0,0.168519714333,0.17798895985,attribute_2,热心,别人,热心-别人
0.0,0.0,0.0,0.198003004677,0.133976715596,attribute_2,热心,他们,热心-他们
0.0,0.0,0.0,0.0,0.0,attribute_2,热心,他的,热心-他的
0.0,0.0,0.0,0.0,0.0,attribute_2,热心,他们的,热心-他们的
0.0,0.0,0.0,0.0,0.0,attribute_2,团队,他,团队-他
0.0,0.0,0.0,0.0,0.0,attribute_2,团队,别人,团队-别人
0.0,0.0,0.0,0.0,0.0,attribute_2,团队,他们,团队-他们
0.0,0.0,0.0,0.0,0.0,attribute_2,团队,他的,团队-他的
0.0,0.0,0.0,0.0,0.0,attribute_2,团队,他们的,团队-他们的
0.295172826001,0.231845720198,0.0888877288001,0.0430715078834,0.119932696638,attribute_2,配合,他,配合-他
0.425547673805,0.205475318964,0.030717094433,0.0588600841246,0.100391241429,attribute_2,配合,别人,配合-别人
0.487103847404,0.295712201294,0.192329269119,0.15635032597,0.170286985931,attribute_2,配合,他们,配合-他们
0.0,0.0,0.0,0.0,0.0,attribute_2,配合,他的,配合-他的
0.0,0.0,0.0,0.0,0.0,attribute_2,配合,他们的,配合-他们的
0.0,0.0,0.196159561661,0.0963994673509,0.0535133488379,attribute_2,歧视,他,歧视-他
0.0,0.0,0.262385380365,0.0826671238819,0.0894507161074,attribute_2,歧视,别人,歧视-别人
0.0,0.0,0.310871425861,0.20944647594,0.104517381454,attribute_2,歧视,他们,歧视-他们
0.0,0.0,0.0,0.0,0.0,attribute_2,歧视,他的,歧视-他的
0.0,0.0,0.0,0.0,0.0,attribute_2,歧视,他们的,歧视-他们的
0.263556864499,0.0,0.232156182226,0.132576957565,0.034670626098,attribute_2,正当,他,正当-他
0.595672012321,0.0,0.266810789376,0.152309781859,0.118462351151,attribute_2,正当,别人,正当-别人
0.409176220737,0.0,0.267805168998,0.137381092883,0.085266374287,attribute_2,正当,他们,正当-他们
0.0,0.0,0.0,0.0,0.0,attribute_2,正当,他的,正当-他的
0.0,0.0,0.0,0.0,0.0,attribute_2,正当,他们的,正当-他们的
0.0,0.352964024109,0.263281276015,0.241664129468,0.218225468501,attribute_2,崇高,他,崇高-他
0.0,0.478632185811,0.190816831724,0.118868077761,0.17184288894,attribute_2,崇高,别人,崇高-别人
0.0,0.437353558804,0.260550009072,0.14045456861,0.201991937664,attribute_2,崇高,他们,崇高-他们
0.0,0.0,0.0,0.0,0.0,attribute_2,崇高,他的,崇高-他的
0.0,0.0,0.0,0.0,0.0,attribute_2,崇高,他们的,崇高-他们的
0.157897371065,0.0,0.235276443064,0.024084662993,0.0306869958056,attribute_2,多元,他,多元-他
0.131788521563,0.0,0.196484720994,0.0705295260048,0.0513911282258,attribute_2,多元,别人,多元-别人
0.188189063827,0.0,0.20948266316,0.118297574188,-0.0110367482325,attribute_2,多元,他们,多元-他们
0.0,0.0,0.0,0.0,0.0,attribute_2,多元,他的,多元-他的
0.0,0.0,0.0,0.0,0.0,attribute_2,多元,他们的,多元-他们的
0.0,0.0,0.0,0.0,0.0,attribute_2,意识到,他,意识到-他
0.0,0.0,0.0,0.0,0.0,attribute_2,意识到,别人,意识到-别人
0.0,0.0,0.0,0.0,0.0,attribute_2,意识到,他们,意识到-他们
0.0,0.0,0.0,0.0,0.0,attribute_2,意识到,他的,意识到-他的
0.0,0.0,0.0,0.0,0.0,attribute_2,意识到,他们的,意识到-他们的
0.0,0.0,0.0,0.157493296059,0.120091942112,attribute_2,安宁,他,安宁-他
0.0,0.0,0.0,0.143301196887,0.0728297246811,attribute_2,安宁,别人,安宁-别人
0.0,0.0,0.0,0.168316660434,0.0567061927665,attribute_2,安宁,他们,安宁-他们
0.0,0.0,0.0,0.0,0.0,attribute_2,安宁,他的,安宁-他的
0.0,0.0,0.0,0.0,0.0,attribute_2,安宁,他们的,安宁-他们的
0.0,0.0,0.226895213422,0.103692855082,0.0531489369185,attribute_2,准则,他,准则-他
0.0,0.0,0.180539673669,0.0391834148725,0.0246727309939,attribute_2,准则,别人,准则-别人
0.0,0.0,0.27677601793,0.129913750309,0.0640317966494,attribute_2,准则,他们,准则-他们
0.0,0.0,0.0,0.0,0.0,attribute_2,准则,他的,准则-他的
0.0,0.0,0.0,0.0,0.0,attribute_2,准则,他们的,准则-他们的
0.0,0.0,0.0,0.0,0.0,attribute_2,吐露,他,吐露-他
0.0,0.0,0.0,0.0,0.0,attribute_2,吐露,别人,吐露-别人
0.0,0.0,0.0,0.0,0.0,attribute_2,吐露,他们,吐露-他们
0.0,0.0,0.0,0.0,0.0,attribute_2,吐露,他的,吐露-他的
0.0,0.0,0.0,0.0,0.0,attribute_2,吐露,他们的,吐露-他们的
0.317991797433,0.286157369798,0.0956447521356,0.0819352392149,0.110786116734,attribute_2,帮助,他,帮助-他
0.459290105394,0.414942781702,0.165247902911,0.10961102373,0.136395780324,attribute_2,帮助,别人,帮助-别人
0.533853134437,0.419803625274,0.249909775828,0.197833338349,0.240067481139,attribute_2,帮助,他们,帮助-他们
0.0,0.0,0.0,0.0,0.0,attribute_2,帮助,他的,帮助-他的
0.0,0.0,0.0,0.0,0.0,attribute_2,帮助,他们的,帮助-他们的
0.0,0.0,0.0,0.117580436271,0.134427149763,attribute_2,谅解,他,谅解-他
0.0,0.0,0.0,0.109045648226,0.173824686084,attribute_2,谅解,别人,谅解-别人
0.0,0.0,0.0,0.212975080769,0.201518135473,attribute_2,谅解,他们,谅解-他们
0.0,0.0,0.0,0.0,0.0,attribute_2,谅解,他的,谅解-他的
0.0,0.0,0.0,0.0,0.0,attribute_2,谅解,他们的,谅解-他们的
0.294321374664,0.311256396263,0.181639720899,0.164196028693,0.125228975772,attribute_2,可靠,他,可靠-他
0.500063747332,0.310931607497,0.0790915602796,0.128811443666,0.0897374147063,attribute_2,可靠,别人,可靠-别人
0.306171356505,0.394560094862,0.194735607088,0.0910433763635,0.110891031429,attribute_2,可靠,他们,可靠-他们
0.0,0.0,0.0,0.0,0.0,attribute_2,可靠,他的,可靠-他的
0.0,0.0,0.0,0.0,0.0,attribute_2,可靠,他们的,可靠-他们的
0.0,0.0,0.0,0.10551586103,0.0916583362713,attribute_2,分担,他,分担-他
0.0,0.0,0.0,0.190694906971,0.278795696312,attribute_2,分担,别人,分担-别人
0.0,0.0,0.0,0.210778068863,0.154628508248,attribute_2,分担,他们,分担-他们
0.0,0.0,0.0,0.0,0.0,attribute_2,分担,他的,分担-他的
0.0,0.0,0.0,0.0,0.0,attribute_2,分担,他们的,分担-他们的
0.0,0.0,0.225479748729,0.0796708392524,0.167776004202,attribute_2,敏感,他,敏感-他
0.0,0.0,0.212022493252,0.0625119595545,0.0781588443493,attribute_2,敏感,别人,敏感-别人
0.0,0.0,0.261065054968,0.118888108305,0.196152618183,attribute_2,敏感,他们,敏感-他们
0.0,0.0,0.0,0.0,0.0,attribute_2,敏感,他的,敏感-他的
0.0,0.0,0.0,0.0,0.0,attribute_2,敏感,他们的,敏感-他们的
0.0,0.0,0.0,0.0,0.0,attribute_2,无偏见,他,无偏见-他
0.0,0.0,0.0,0.0,0.0,attribute_2,无偏见,别人,无偏见-别人
0.0,0.0,0.0,0.0,0.0,attribute_2,无偏见,他们,无偏见-他们
0.0,0.0,0.0,0.0,0.0,attribute_2,无偏见,他的,无偏见-他的
0.0,0.0,0.0,0.0,0.0,attribute_2,无偏见,他们的,无偏见-他们的
0.0,0.0,0.0,0.0,0.361025354462,attribute_2,好心,他,好心-他
0.0,0.0,0.0,0.0,0.292214996437,attribute_2,好心,别人,好心-别人
0.0,0.0,0.0,0.0,0.41994642056,attribute_2,好心,他们,好心-他们
0.0,0.0,0.0,0.0,0.0,attribute_2,好心,他的,好心-他的
0.0,0.0,0.0,0.0,0.0,attribute_2,好心,他们的,好心-他们的
0.344304694538,0.314476764665,0.165504878442,0.0997581425212,0.0680212840564,attribute_2,互相,他,互相-他
0.507594293086,0.380560920341,0.225188680455,0.223746166307,0.224842141506,attribute_2,互相,别人,互相-别人
0.54979091594,0.374045637606,0.233744029896,0.282585361524,0.173647441558,attribute_2,互相,他们,互相-他们
0.0,0.0,0.0,0.0,0.0,attribute_2,互相,他的,互相-他的
0.0,0.0,0.0,0.0,0.0,attribute_2,互相,他们的,互相-他们的
0.0,0.0,0.0,0.0,0.0,attribute_2,贤良,他,贤良-他
0.0,0.0,0.0,0.0,0.0,attribute_2,贤良,别人,贤良-别人
0.0,0.0,0.0,0.0,0.0,attribute_2,贤良,他们,贤良-他们
0.0,0.0,0.0,0.0,0.0,attribute_2,贤良,他的,贤良-他的
0.0,0.0,0.0,0.0,0.0,attribute_2,贤良,他们的,贤良-他们的
0.0,0.0,0.0,0.0,0.0,attribute_2,共情,他,共情-他
0.0,0.0,0.0,0.0,0.0,attribute_2,共情,别人,共情-别人
0.0,0.0,0.0,0.0,0.0,attribute_2,共情,他们,共情-他们
0.0,0.0,0.0,0.0,0.0,attribute_2,共情,他的,共情-他的
0.0,0.0,0.0,0.0,0.0,attribute_2,共情,他们的,共情-他们的
0.0,0.0,0.0,0.0,0.0,attribute_2,恭维,他,恭维-他
0.0,0.0,0.0,0.0,0.0,attribute_2,恭维,别人,恭维-别人
0.0,0.0,0.0,0.0,0.0,attribute_2,恭维,他们,恭维-他们
0.0,0.0,0.0,0.0,0.0,attribute_2,恭维,他的,恭维-他的
0.0,0.0,0.0,0.0,0.0,attribute_2,恭维,他们的,恭维-他们的
0.0,0.0,0.354665595822,0.272359475096,0.277068184981,attribute_2,交谈,他,交谈-他
0.0,0.0,0.221247419965,0.216544412046,0.234302938322,attribute_2,交谈,别人,交谈-别人
0.0,0.0,0.372476462405,0.184242579161,0.248053727067,attribute_2,交谈,他们,交谈-他们
0.0,0.0,0.0,0.0,0.0,attribute_2,交谈,他的,交谈-他的
0.0,0.0,0.0,0.0,0.0,attribute_2,交谈,他们的,交谈-他们的
0.0,0.0,0.0,0.0,0.0,attribute_2,卷入,他,卷入-他
0.0,0.0,0.0,0.0,0.0,attribute_2,卷入,别人,卷入-别人
0.0,0.0,0.0,0.0,0.0,attribute_2,卷入,他们,卷入-他们
0.0,0.0,0.0,0.0,0.0,attribute_2,卷入,他的,卷入-他的
0.0,0.0,0.0,0.0,0.0,attribute_2,卷入,他们的,卷入-他们的
0.192324972568,0.0,0.211644165766,0.0813510595259,0.0815348455006,attribute_2,自愿,他,自愿-他
0.405739361175,0.0,0.195060277424,0.110684716849,0.0738473203859,attribute_2,自愿,别人,自愿-别人
0.324555240647,0.0,0.304536577022,0.201685977973,0.107704746836,attribute_2,自愿,他们,自愿-他们
0.0,0.0,0.0,0.0,0.0,attribute_2,自愿,他的,自愿-他的
0.0,0.0,0.0,0.0,0.0,attribute_2,自愿,他们的,自愿-他们的
0.23795070154,0.280888712274,0.105354822368,0.0732966329951,0.086762306056,attribute_2,相互,他,相互-他
0.358570188552,0.380730118418,0.191701529204,0.141542464958,0.186503277772,attribute_2,相互,别人,相互-别人
0.386170750002,0.335595234858,0.251276721412,0.213868601487,0.178297262964,attribute_2,相互,他们,相互-他们
0.0,0.0,0.0,0.0,0.0,attribute_2,相互,他的,相互-他的
0.0,0.0,0.0,0.0,0.0,attribute_2,相互,他们的,相互-他们的
0.0,0.0,0.0,0.159758579874,0.171516283955,attribute_2,捐献,他,捐献-他
0.0,0.0,0.0,0.170149151137,0.168336826233,attribute_2,捐献,别人,捐献-别人
0.0,0.0,0.0,0.160907930441,0.164828869417,attribute_2,捐献,他们,捐献-他们
0.0,0.0,0.0,0.0,0.0,attribute_2,捐献,他的,捐献-他的
0.0,0.0,0.0,0.0,0.0,attribute_2,捐献,他们的,捐献-他们的
0.0,0.0,0.0,0.0,0.0,attribute_2,滋养,他,滋养-他
0.0,0.0,0.0,0.0,0.0,attribute_2,滋养,别人,滋养-别人
0.0,0.0,0.0,0.0,0.0,attribute_2,滋养,他们,滋养-他们
0.0,0.0,0.0,0.0,0.0,attribute_2,滋养,他的,滋养-他的
0.0,0.0,0.0,0.0,0.0,attribute_2,滋养,他们的,滋养-他们的
0.209693331044,0.203130070591,0.134301954854,0.095889181414,0.0696930336699,attribute_2,平均,他,平均-他
0.286568329979,0.19273027766,0.189801462526,0.115392688585,0.105415439903,attribute_2,平均,别人,平均-别人
0.347982415289,0.291359466293,0.173959309764,0.080435724032,0.0643123902712,attribute_2,平均,他们,平均-他们
0.0,0.0,0.0,0.0,0.0,attribute_2,平均,他的,平均-他的
0.0,0.0,0.0,0.0,0.0,attribute_2,平均,他们的,平均-他们的
0.0,0.0,0.0,0.258699566688,0.226322693651,attribute_2,忍耐,他,忍耐-他
0.0,0.0,0.0,0.210894377409,0.268550016856,attribute_2,忍耐,别人,忍耐-别人
0.0,0.0,0.0,0.251844439423,0.243257896161,attribute_2,忍耐,他们,忍耐-他们
0.0,0.0,0.0,0.0,0.0,attribute_2,忍耐,他的,忍耐-他的
0.0,0.0,0.0,0.0,0.0,attribute_2,忍耐,他们的,忍耐-他们的
0.0,0.0,0.196112716933,0.146011345825,0.0592271755304,attribute_2,照顾,他,照顾-他
0.0,0.0,0.214513252215,0.160716202473,0.126941877304,attribute_2,照顾,别人,照顾-别人
0.0,0.0,0.262693462901,0.236520970271,0.243019431783,attribute_2,照顾,他们,照顾-他们
0.0,0.0,0.0,0.0,0.0,attribute_2,照顾,他的,照顾-他的
0.0,0.0,0.0,0.0,0.0,attribute_2,照顾,他们的,照顾-他们的
0.250799059193,0.229266223351,0.138402328691,0.0987822773301,0.0687098345706,attribute_2,依赖,他,依赖-他
0.455289038353,0.255142388048,0.215386025124,0.117177388334,0.104785412137,attribute_2,依赖,别人,依赖-别人
0.457513432891,0.302184880542,0.196620864619,0.102006485613,0.196961615252,attribute_2,依赖,他们,依赖-他们
0.0,0.0,0.0,0.0,0.0,attribute_2,依赖,他的,依赖-他的
0.0,0.0,0.0,0.0,0.0,attribute_2,依赖,他们的,依赖-他们的
0.0,0.0,0.0,0.0,0.0,attribute_2,听信,他,听信-他
0.0,0.0,0.0,0.0,0.0,attribute_2,听信,别人,听信-别人
0.0,0.0,0.0,0.0,0.0,attribute_2,听信,他们,听信-他们
0.0,0.0,0.0,0.0,0.0,attribute_2,听信,他的,听信-他的
0.0,0.0,0.0,0.0,0.0,attribute_2,听信,他们的,听信-他们的
0.0,0.0,0.0,0.0,0.0,attribute_2,互赢,他,互赢-他
0.0,0.0,0.0,0.0,0.0,attribute_2,互赢,别人,互赢-别人
0.0,0.0,0.0,0.0,0.0,attribute_2,互赢,他们,互赢-他们
0.0,0.0,0.0,0.0,0.0,attribute_2,互赢,他的,互赢-他的
0.0,0.0,0.0,0.0,0.0,attribute_2,互赢,他们的,互赢-他们的
0.12901791945,0.0,0.129753563894,0.0624329939211,0.0867202240439,attribute_2,便利,他,便利-他
0.371992113756,0.0,0.277903619785,0.258185955827,0.17460719246,attribute_2,便利,别人,便利-别人
0.262255657423,0.0,0.173144524348,0.158058399588,0.191980299131,attribute_2,便利,他们,便利-他们
0.0,0.0,0.0,0.0,0.0,attribute_2,便利,他的,便利-他的
0.0,0.0,0.0,0.0,0.0,attribute_2,便利,他们的,便利-他们的
0.0,0.0,0.324388525378,0.200553700121,0.274231926286,attribute_2,愉快,他,愉快-他
0.0,0.0,0.306172896635,0.134009157487,0.245001377942,attribute_2,愉快,别人,愉快-别人
0.0,0.0,0.25671216805,0.19993582487,0.266139068035,attribute_2,愉快,他们,愉快-他们
0.0,0.0,0.0,0.0,0.0,attribute_2,愉快,他的,愉快-他的
0.0,0.0,0.0,0.0,0.0,attribute_2,愉快,他们的,愉快-他们的
0.0,0.0,0.0,0.381729107805,0.461355177903,attribute_2,温柔,他,温柔-他
0.0,0.0,0.0,0.267553187202,0.345182913022,attribute_2,温柔,别人,温柔-别人
0.0,0.0,0.0,0.403131557913,0.365463045654,attribute_2,温柔,他们,温柔-他们
0.0,0.0,0.0,0.0,0.0,attribute_2,温柔,他的,温柔-他的
0.0,0.0,0.0,0.0,0.0,attribute_2,温柔,他们的,温柔-他们的
0.0,0.0,0.0,0.0,0.0,attribute_2,惬意,他,惬意-他
0.0,0.0,0.0,0.0,0.0,attribute_2,惬意,别人,惬意-别人
0.0,0.0,0.0,0.0,0.0,attribute_2,惬意,他们,惬意-他们
0.0,0.0,0.0,0.0,0.0,attribute_2,惬意,他的,惬意-他的
0.0,0.0,0.0,0.0,0.0,attribute_2,惬意,他们的,惬意-他们的
0.0,0.0,0.0,0.0,-0.0170788143615,attribute_2,接纳,他,接纳-他
0.0,0.0,0.0,0.0,0.0614924540812,attribute_2,接纳,别人,接纳-别人
0.0,0.0,0.0,0.0,0.0270155027006,attribute_2,接纳,他们,接纳-他们
0.0,0.0,0.0,0.0,0.0,attribute_2,接纳,他的,接纳-他的
0.0,0.0,0.0,0.0,0.0,attribute_2,接纳,他们的,接纳-他们的
0.366088774145,0.307045849502,0.158618034718,0.11425512301,0.100197024688,attribute_2,贡献,他,贡献-他
0.373305439781,0.323283502336,0.125600318984,0.122612349609,0.0938478733147,attribute_2,贡献,别人,贡献-别人
0.352927233816,0.282952312241,0.145659549933,0.0951060377304,0.0761714724559,attribute_2,贡献,他们,贡献-他们
0.0,0.0,0.0,0.0,0.0,attribute_2,贡献,他的,贡献-他的
0.0,0.0,0.0,0.0,0.0,attribute_2,贡献,他们的,贡献-他们的
0.0,0.0,0.0,0.0,0.0,attribute_2,挂念,他,挂念-他
0.0,0.0,0.0,0.0,0.0,attribute_2,挂念,别人,挂念-别人
0.0,0.0,0.0,0.0,0.0,attribute_2,挂念,他们,挂念-他们
0.0,0.0,0.0,0.0,0.0,attribute_2,挂念,他的,挂念-他的
0.0,0.0,0.0,0.0,0.0,attribute_2,挂念,他们的,挂念-他们的
0.0,0.0,0.0,0.238041458895,0.205079622647,attribute_2,融洽,他,融洽-他
0.0,0.0,0.0,0.184927665082,0.16723928307,attribute_2,融洽,别人,融洽-别人
0.0,0.0,0.0,0.286250490941,0.329040505078,attribute_2,融洽,他们,融洽-他们
0.0,0.0,0.0,0.0,0.0,attribute_2,融洽,他的,融洽-他的
0.0,0.0,0.0,0.0,0.0,attribute_2,融洽,他们的,融洽-他们的
0.255166797289,0.241095467756,0.161974747527,0.0995358249015,0.0290822614664,attribute_2,完整,他,完整-他
0.391124220643,0.281169315734,0.243587890082,0.118652781706,0.152881681441,attribute_2,完整,别人,完整-别人
0.186637594956,0.208588508172,0.171192673377,0.120371575059,0.076396596762,attribute_2,完整,他们,完整-他们
0.0,0.0,0.0,0.0,0.0,attribute_2,完整,他的,完整-他的
0.0,0.0,0.0,0.0,0.0,attribute_2,完整,他们的,完整-他们的
0.0,0.0,0.0,0.392931011618,0.348365278771,attribute_2,好意,他,好意-他
0.0,0.0,0.0,0.235163767377,0.277856046141,attribute_2,好意,别人,好意-别人
0.0,0.0,0.0,0.318532884743,0.279548445623,attribute_2,好意,他们,好意-他们
0.0,0.0,0.0,0.0,0.0,attribute_2,好意,他的,好意-他的
0.0,0.0,0.0,0.0,0.0,attribute_2,好意,他们的,好意-他们的
0.0,0.0,0.0,0.0,0.0,attribute_2,爱慕,他,爱慕-他
0.0,0.0,0.0,0.0,0.0,attribute_2,爱慕,别人,爱慕-别人
0.0,0.0,0.0,0.0,0.0,attribute_2,爱慕,他们,爱慕-他们
0.0,0.0,0.0,0.0,0.0,attribute_2,爱慕,他的,爱慕-他的
0.0,0.0,0.0,0.0,0.0,attribute_2,爱慕,他们的,爱慕-他们的
0.0,0.0,0.0,0.41187869321,0.443281763348,attribute_2,怜悯,他,怜悯-他
0.0,0.0,0.0,0.315252800795,0.416409233779,attribute_2,怜悯,别人,怜悯-别人
0.0,0.0,0.0,0.360777687801,0.441796646389,attribute_2,怜悯,他们,怜悯-他们
0.0,0.0,0.0,0.0,0.0,attribute_2,怜悯,他的,怜悯-他的
0.0,0.0,0.0,0.0,0.0,attribute_2,怜悯,他们的,怜悯-他们的
0.0,0.0,0.0,0.209846584521,0.0845809435876,attribute_2,支撑,他,支撑-他
0.0,0.0,0.0,0.168460974903,0.0973817787789,attribute_2,支撑,别人,支撑-别人
0.0,0.0,0.0,0.197316457573,0.0909075301865,attribute_2,支撑,他们,支撑-他们
0.0,0.0,0.0,0.0,0.0,attribute_2,支撑,他的,支撑-他的
0.0,0.0,0.0,0.0,0.0,attribute_2,支撑,他们的,支撑-他们的
0.301652347033,0.284908671716,0.186370427798,0.214083810858,0.115440119195,attribute_2,接受,他,接受-他
0.424297761599,0.400363099546,0.189143816395,0.163105093262,0.174991847528,attribute_2,接受,别人,接受-别人
0.477124632069,0.39638983534,0.244220225015,0.179045933199,0.139308234442,attribute_2,接受,他们,接受-他们
0.0,0.0,0.0,0.0,0.0,attribute_2,接受,他的,接受-他的
0.0,0.0,0.0,0.0,0.0,attribute_2,接受,他们的,接受-他们的
0.0,0.0,0.206171969396,0.016829257815,-0.00802781208876,attribute_2,救济,他,救济-他
0.0,0.0,0.281893633908,0.0817818752362,0.0440327307524,attribute_2,救济,别人,救济-别人
0.0,0.0,0.228569409369,0.123400616192,0.0647449585609,attribute_2,救济,他们,救济-他们
0.0,0.0,0.0,0.0,0.0,attribute_2,救济,他的,救济-他的
0.0,0.0,0.0,0.0,0.0,attribute_2,救济,他们的,救济-他们的
0.0,0.0,0.335488182992,0.236339405084,0.20612870189,attribute_2,高尚,他,高尚-他
0.0,0.0,0.270179852582,0.166284655524,0.118927852668,attribute_2,高尚,别人,高尚-别人
0.0,0.0,0.299778738171,0.228056643024,0.192059980225,attribute_2,高尚,他们,高尚-他们
0.0,0.0,0.0,0.0,0.0,attribute_2,高尚,他的,高尚-他的
0.0,0.0,0.0,0.0,0.0,attribute_2,高尚,他们的,高尚-他们的
0.15317967271,0.211076448893,0.121534859094,0.139641143785,0.141453189984,attribute_2,人民,他,人民-他
0.202531821603,0.205431177994,0.196993032558,0.156981066513,0.0673143981144,attribute_2,人民,别人,人民-别人
0.221260547809,0.306959379844,0.204684545423,0.193328094921,0.145573553438,attribute_2,人民,他们,人民-他们
0.0,0.0,0.0,0.0,0.0,attribute_2,人民,他的,人民-他的
0.0,0.0,0.0,0.0,0.0,attribute_2,人民,他们的,人民-他们的
0.0,0.0,0.0,0.108000869677,0.0897018763095,attribute_2,和谐,他,和谐-他
0.0,0.0,0.0,0.0822255376207,0.0874551102007,attribute_2,和谐,别人,和谐-别人
0.0,0.0,0.0,0.179187623523,0.186289319489,attribute_2,和谐,他们,和谐-他们
0.0,0.0,0.0,0.0,0.0,attribute_2,和谐,他的,和谐-他的
0.0,0.0,0.0,0.0,0.0,attribute_2,和谐,他们的,和谐-他们的
0.23402018196,0.254839944277,0.185060742237,0.128441716647,0.0511140135438,attribute_2,义务,他,义务-他
0.341768184064,0.392795577754,0.110903435597,0.116164616701,0.130902278011,attribute_2,义务,别人,义务-别人
0.325606275898,0.285590306868,0.213763336697,0.11341964087,0.12712305421,attribute_2,义务,他们,义务-他们
0.0,0.0,0.0,0.0,0.0,attribute_2,义务,他的,义务-他的
0.0,0.0,0.0,0.0,0.0,attribute_2,义务,他们的,义务-他们的
0.0,0.0,0.285391195074,0.186301308425,0.190604893753,attribute_2,担心,他,担心-他
0.0,0.0,0.208379111786,0.20257834176,0.227701683332,attribute_2,担心,别人,担心-别人
0.0,0.0,0.274614847893,0.111117207518,0.196409047941,attribute_2,担心,他们,担心-他们
0.0,0.0,0.0,0.0,0.0,attribute_2,担心,他的,担心-他的
0.0,0.0,0.0,0.0,0.0,attribute_2,担心,他们的,担心-他们的
0.158521461635,0.257750847207,0.11527762785,0.0565653156388,0.0529748715275,attribute_2,适应,他,适应-他
0.221708932216,0.230669919453,0.0891874491936,0.124615957852,0.0322349846999,attribute_2,适应,别人,适应-别人
0.307985194041,0.307660819335,0.182397357763,0.141805006875,0.0933192987673,attribute_2,适应,他们,适应-他们
0.0,0.0,0.0,0.0,0.0,attribute_2,适应,他的,适应-他的
0.0,0.0,0.0,0.0,0.0,attribute_2,适应,他们的,适应-他们的
0.412490684198,0.358951169382,0.134449054608,0.145897918301,0.121047980734,attribute_2,承认,他,承认-他
0.665464498255,0.382792344887,0.251722990082,0.207851562953,0.085503654208,attribute_2,承认,别人,承认-别人
0.476652769417,0.390118882239,0.290705152217,0.233018460095,0.131363490509,attribute_2,承认,他们,承认-他们
0.0,0.0,0.0,0.0,0.0,attribute_2,承认,他的,承认-他的
0.0,0.0,0.0,0.0,0.0,attribute_2,承认,他们的,承认-他们的
0.0,0.0,0.0,0.105615823897,0.081505871635,attribute_2,习俗,他,习俗-他
0.0,0.0,0.0,0.0894671542084,0.0402136657363,attribute_2,习俗,别人,习俗-别人
0.0,0.0,0.0,0.188852187428,0.103165551981,attribute_2,习俗,他们,习俗-他们
0.0,0.0,0.0,0.0,0.0,attribute_2,习俗,他的,习俗-他的
0.0,0.0,0.0,0.0,0.0,attribute_2,习俗,他们的,习俗-他们的
0.0,0.0,0.0,0.362814616579,0.335719399339,attribute_2,慷慨,他,慷慨-他
0.0,0.0,0.0,0.21307704509,0.230811934347,attribute_2,慷慨,别人,慷慨-别人
0.0,0.0,0.0,0.244846369248,0.213447379458,attribute_2,慷慨,他们,慷慨-他们
0.0,0.0,0.0,0.0,0.0,attribute_2,慷慨,他的,慷慨-他的
0.0,0.0,0.0,0.0,0.0,attribute_2,慷慨,他们的,慷慨-他们的
0.142290651503,0.27899986353,0.144632846951,0.141467748816,0.144797928408,attribute_2,友好,他,友好-他
0.186434382312,0.243126553645,0.178251578313,0.0481613100264,0.0736875221063,attribute_2,友好,别人,友好-别人
0.21965214719,0.278462842185,0.178567125785,0.114915159229,0.112442418746,attribute_2,友好,他们,友好-他们
0.0,0.0,0.0,0.0,0.0,attribute_2,友好,他的,友好-他的
0.0,0.0,0.0,0.0,0.0,attribute_2,友好,他们的,友好-他们的
0.231072749632,0.251674158363,0.164880009952,0.0438976785546,0.0446229777321,attribute_2,方便,他,方便-他
0.471030696709,0.493403540272,0.267448776342,0.16479540811,0.148833125343,attribute_2,方便,别人,方便-别人
0.300251133621,0.286122559915,0.163999153542,0.110600665713,0.103201318194,attribute_2,方便,他们,方便-他们
0.0,0.0,0.0,0.0,0.0,attribute_2,方便,他的,方便-他的
0.0,0.0,0.0,0.0,0.0,attribute_2,方便,他们的,方便-他们的
0.575200417033,0.45147436943,0.22072124985,0.18387981833,0.207199740682,attribute_2,一样,他,一样-他
0.74629939084,0.457984965685,0.269551366817,0.17724932225,0.266916779069,attribute_2,一样,别人,一样-别人
0.618622612129,0.386993456387,0.271229304575,0.131762959003,0.308476872065,attribute_2,一样,他们,一样-他们
0.0,0.0,0.0,0.0,0.0,attribute_2,一样,他的,一样-他的
0.0,0.0,0.0,0.0,0.0,attribute_2,一样,他们的,一样-他们的
0.296172554659,0.260026666102,0.156889066142,0.122073804338,0.0976934784153,attribute_2,遭受,他,遭受-他
0.472088969002,0.247647344095,0.194036021857,0.182091832781,0.0910535381683,attribute_2,遭受,别人,遭受-别人
0.367922369428,0.306696732073,0.201895007433,0.149479168661,0.124675203417,attribute_2,遭受,他们,遭受-他们
0.0,0.0,0.0,0.0,0.0,attribute_2,遭受,他的,遭受-他的
0.0,0.0,0.0,0.0,0.0,attribute_2,遭受,他们的,遭受-他们的
0.0,0.0,0.0,0.289532308133,0.273661131321,attribute_2,宽容,他,宽容-他
0.0,0.0,0.0,0.266576803394,0.185842316955,attribute_2,宽容,别人,宽容-别人
0.0,0.0,0.0,0.309992976911,0.337766771988,attribute_2,宽容,他们,宽容-他们
0.0,0.0,0.0,0.0,0.0,attribute_2,宽容,他的,宽容-他的
0.0,0.0,0.0,0.0,0.0,attribute_2,宽容,他们的,宽容-他们的
0.0,0.0,0.0,0.164112344398,0.219926756372,attribute_2,指望,他,指望-他
0.0,0.0,0.0,0.226766934817,0.260111083181,attribute_2,指望,别人,指望-别人
0.0,0.0,0.0,0.188501914705,0.166201083035,attribute_2,指望,他们,指望-他们
0.0,0.0,0.0,0.0,0.0,attribute_2,指望,他的,指望-他的
0.0,0.0,0.0,0.0,0.0,attribute_2,指望,他们的,指望-他们的
0.0,0.0,0.0,0.32845413812,0.294468673813,attribute_2,正直,他,正直-他
0.0,0.0,0.0,0.184127916238,0.207032756879,attribute_2,正直,别人,正直-别人
0.0,0.0,0.0,0.338064449926,0.253855736542,attribute_2,正直,他们,正直-他们
0.0,0.0,0.0,0.0,0.0,attribute_2,正直,他的,正直-他的
0.0,0.0,0.0,0.0,0.0,attribute_2,正直,他们的,正直-他们的
0.193871658163,0.200630052429,0.135391113442,0.0707827012022,0.0553239897481,attribute_2,服务,他,服务-他
0.26458793052,0.27818443836,0.166678038783,0.192629086639,0.0799074082201,attribute_2,服务,别人,服务-别人
0.364194213107,0.301808644577,0.214528492297,0.109267088687,0.0730803363573,attribute_2,服务,他们,服务-他们
0.0,0.0,0.0,0.0,0.0,attribute_2,服务,他的,服务-他的
0.0,0.0,0.0,0.0,0.0,attribute_2,服务,他们的,服务-他们的
0.0,0.0,0.336902752769,0.256021986084,0.238342188696,attribute_2,诚恳,他,诚恳-他
0.0,0.0,0.395229552198,0.202188810948,0.268933480114,attribute_2,诚恳,别人,诚恳-别人
0.0,0.0,0.336553160376,0.236309370156,0.331260960904,attribute_2,诚恳,他们,诚恳-他们
0.0,0.0,0.0,0.0,0.0,attribute_2,诚恳,他的,诚恳-他的
0.0,0.0,0.0,0.0,0.0,attribute_2,诚恳,他们的,诚恳-他们的
0.0,0.0,0.0,0.147360048041,0.1251990663,attribute_2,捐赠,他,捐赠-他
0.0,0.0,0.0,0.0830965547799,0.0183924688164,attribute_2,捐赠,别人,捐赠-别人
0.0,0.0,0.0,0.180943414514,0.0936683291924,attribute_2,捐赠,他们,捐赠-他们
0.0,0.0,0.0,0.0,0.0,attribute_2,捐赠,他的,捐赠-他的
0.0,0.0,0.0,0.0,0.0,attribute_2,捐赠,他们的,捐赠-他们的
0.0,0.0,0.0,0.196036927802,0.0,attribute_2,大方,他,大方-他
0.0,0.0,0.0,0.169194847124,0.0,attribute_2,大方,别人,大方-别人
0.0,0.0,0.0,0.220050411157,0.0,attribute_2,大方,他们,大方-他们
0.0,0.0,0.0,0.0,0.0,attribute_2,大方,他的,大方-他的
0.0,0.0,0.0,0.0,0.0,attribute_2,大方,他们的,大方-他们的
0.0,0.0,0.0,0.25051264507,0.230219649825,attribute_2,良心,他,良心-他
0.0,0.0,0.0,0.279223189409,0.277468761219,attribute_2,良心,别人,良心-别人
0.0,0.0,0.0,0.272138938343,0.287463869956,attribute_2,良心,他们,良心-他们
0.0,0.0,0.0,0.0,0.0,attribute_2,良心,他的,良心-他的
0.0,0.0,0.0,0.0,0.0,attribute_2,良心,他们的,良心-他们的
0.298828891244,0.212717730867,0.0901800289968,0.0896478822623,0.100752319491,attribute_2,团结,他,团结-他
0.485355955903,0.359965590694,0.122481028797,0.143539297561,0.100324840338,attribute_2,团结,别人,团结-别人
0.502524605371,0.421534008864,0.236537266381,0.197506234496,0.167115255154,attribute_2,团结,他们,团结-他们
0.0,0.0,0.0,0.0,0.0,attribute_2,团结,他的,团结-他的
0.0,0.0,0.0,0.0,0.0,attribute_2,团结,他们的,团结-他们的
0.0,0.0,0.0,0.199779716195,0.224748804918,attribute_2,志愿,他,志愿-他
0.0,0.0,0.0,0.119290671758,0.096600166498,attribute_2,志愿,别人,志愿-别人
0.0,0.0,0.0,0.205530554467,0.131551481722,attribute_2,志愿,他们,志愿-他们
0.0,0.0,0.0,0.0,0.0,attribute_2,志愿,他的,志愿-他的
0.0,0.0,0.0,0.0,0.0,attribute_2,志愿,他们的,志愿-他们的
0.0,0.0,0.0,0.143748450605,0.146465893111,attribute_2,凝聚,他,凝聚-他
0.0,0.0,0.0,0.129463367852,0.124769639669,attribute_2,凝聚,别人,凝聚-别人
0.0,0.0,0.0,0.234444803007,0.183815017306,attribute_2,凝聚,他们,凝聚-他们
0.0,0.0,0.0,0.0,0.0,attribute_2,凝聚,他的,凝聚-他的
0.0,0.0,0.0,0.0,0.0,attribute_2,凝聚,他们的,凝聚-他们的
0.0,0.0,0.0,0.0,0.0,attribute_2,褒扬,他,褒扬-他
0.0,0.0,0.0,0.0,0.0,attribute_2,褒扬,别人,褒扬-别人
0.0,0.0,0.0,0.0,0.0,attribute_2,褒扬,他们,褒扬-他们
0.0,0.0,0.0,0.0,0.0,attribute_2,褒扬,他的,褒扬-他的
0.0,0.0,0.0,0.0,0.0,attribute_2,褒扬,他们的,褒扬-他们的
0.0,0.0,0.154649807691,0.135400644583,0.17327731664,attribute_2,赞扬,他,赞扬-他
0.0,0.0,0.167954328758,0.117603861183,0.179163429326,attribute_2,赞扬,别人,赞扬-别人
0.0,0.0,0.221231408175,0.0937425641648,0.178789553515,attribute_2,赞扬,他们,赞扬-他们
0.0,0.0,0.0,0.0,0.0,attribute_2,赞扬,他的,赞扬-他的
0.0,0.0,0.0,0.0,0.0,attribute_2,赞扬,他们的,赞扬-他们的
0.0,0.0,0.0,0.0,0.0,attribute_2,请柬,他,请柬-他
0.0,0.0,0.0,0.0,0.0,attribute_2,请柬,别人,请柬-别人
0.0,0.0,0.0,0.0,0.0,attribute_2,请柬,他们,请柬-他们
0.0,0.0,0.0,0.0,0.0,attribute_2,请柬,他的,请柬-他的
0.0,0.0,0.0,0.0,0.0,attribute_2,请柬,他们的,请柬-他们的
0.0,0.0,0.198429480599,0.152234041503,0.154193263187,attribute_2,献身,他,献身-他
0.0,0.0,0.177427263521,0.174886793129,0.134976659148,attribute_2,献身,别人,献身-别人
0.0,0.0,0.207213447557,0.187872311286,0.168244064973,attribute_2,献身,他们,献身-他们
0.0,0.0,0.0,0.0,0.0,attribute_2,献身,他的,献身-他的
0.0,0.0,0.0,0.0,0.0,attribute_2,献身,他们的,献身-他们的
0.0,0.0,0.204840253469,0.17198761856,0.0907914645765,attribute_2,容忍,他,容忍-他
0.0,0.0,0.263363111125,0.158805909247,0.169086618325,attribute_2,容忍,别人,容忍-别人
0.0,0.0,0.248841382968,0.139634133485,0.119699430773,attribute_2,容忍,他们,容忍-他们
0.0,0.0,0.0,0.0,0.0,attribute_2,容忍,他的,容忍-他的
0.0,0.0,0.0,0.0,0.0,attribute_2,容忍,他们的,容忍-他们的
0.513585755429,0.30959374478,0.144547529516,0.0411576454853,0.150861381516,attribute_2,有益,他,有益-他
0.713380112149,0.427974925469,0.28118698762,0.197798322593,0.231703637559,attribute_2,有益,别人,有益-别人
0.632532916047,0.298118503999,0.156620789293,0.128341301243,0.147001533789,attribute_2,有益,他们,有益-他们
0.0,0.0,0.0,0.0,0.0,attribute_2,有益,他的,有益-他的
0.0,0.0,0.0,0.0,0.0,attribute_2,有益,他们的,有益-他们的
0.626179766338,0.42131066862,0.192103330015,0.217625501423,0.293054638697,attribute_2,谈话,他,谈话-他
0.579014329959,0.258234224263,0.167144237247,0.107013015791,0.0223186962387,attribute_2,谈话,别人,谈话-别人
0.468244988365,0.28842602196,0.24307840525,0.193678652351,0.152014571313,attribute_2,谈话,他们,谈话-他们
0.0,0.0,0.0,0.0,0.0,attribute_2,谈话,他的,谈话-他的
0.0,0.0,0.0,0.0,0.0,attribute_2,谈话,他们的,谈话-他们的
0.115999348357,0.0924794204425,0.106351941239,0.040348253752,0.0438867330219,attribute_2,供应,他,供应-他
0.329893013407,0.290644102521,0.154779627797,0.0556123020633,0.0368939137543,attribute_2,供应,别人,供应-别人
0.246137962725,0.164396487411,0.106605228345,0.0952738839621,0.0592074075389,attribute_2,供应,他们,供应-他们
0.0,0.0,0.0,0.0,0.0,attribute_2,供应,他的,供应-他的
0.0,0.0,0.0,0.0,0.0,attribute_2,供应,他们的,供应-他们的
0.0,0.0,0.0,0.127320209648,0.105780848126,attribute_2,和睦,他,和睦-他
0.0,0.0,0.0,0.186918180528,0.126524000145,attribute_2,和睦,别人,和睦-别人
0.0,0.0,0.0,0.237242388239,0.216625211526,attribute_2,和睦,他们,和睦-他们
0.0,0.0,0.0,0.0,0.0,attribute_2,和睦,他的,和睦-他的
0.0,0.0,0.0,0.0,0.0,attribute_2,和睦,他们的,和睦-他们的
0.0,0.0,0.0,0.142127080092,0.0946872561535,attribute_2,信赖,他,信赖-他
0.0,0.0,0.0,0.124340943835,0.0768803345259,attribute_2,信赖,别人,信赖-别人
0.0,0.0,0.0,0.172647194861,0.155691278161,attribute_2,信赖,他们,信赖-他们
0.0,0.0,0.0,0.0,0.0,attribute_2,信赖,他的,信赖-他的
0.0,0.0,0.0,0.0,0.0,attribute_2,信赖,他们的,信赖-他们的
0.0,0.0,0.0,0.18798553075,0.235608229504,attribute_2,捐款,他,捐款-他
0.0,0.0,0.0,0.126567183394,0.172309231139,attribute_2,捐款,别人,捐款-别人
0.0,0.0,0.0,0.207931994649,0.166558918419,attribute_2,捐款,他们,捐款-他们
0.0,0.0,0.0,0.0,0.0,attribute_2,捐款,他的,捐款-他的
0.0,0.0,0.0,0.0,0.0,attribute_2,捐款,他们的,捐款-他们的
0.600623260491,0.417490372513,0.170198259342,0.171625675493,0.211951840914,attribute_2,容易,他,容易-他
0.681528769382,0.501964450303,0.268347329609,0.23853767826,0.257389562676,attribute_2,容易,别人,容易-别人
0.576670985067,0.41958453982,0.250218854726,0.248254838225,0.232650087382,attribute_2,容易,他们,容易-他们
0.0,0.0,0.0,0.0,0.0,attribute_2,容易,他的,容易-他的
0.0,0.0,0.0,0.0,0.0,attribute_2,容易,他们的,容易-他们的
0.337387607163,0.336424993518,0.17124850114,0.109809936388,0.0519558081332,attribute_2,道德,他,道德-他
0.427294798712,0.434189548003,0.176032195061,0.0720129293333,0.116171665571,attribute_2,道德,别人,道德-别人
0.488618353133,0.422792393035,0.212605662921,0.173917366321,0.156267238354,attribute_2,道德,他们,道德-他们
0.0,0.0,0.0,0.0,0.0,attribute_2,道德,他的,道德-他的
0.0,0.0,0.0,0.0,0.0,attribute_2,道德,他们的,道德-他们的
0.0,0.0,0.134473391675,0.0876903071203,0.0918551970649,attribute_2,邀请,他,邀请-他
0.0,0.0,0.149671993805,0.0171961810025,0.042597758975,attribute_2,邀请,别人,邀请-别人
0.0,0.0,0.105414786781,0.0820122761005,0.0166585855623,attribute_2,邀请,他们,邀请-他们
0.0,0.0,0.0,0.0,0.0,attribute_2,邀请,他的,邀请-他的
0.0,0.0,0.0,0.0,0.0,attribute_2,邀请,他们的,邀请-他们的
0.0,0.0,0.0,0.0,0.0,attribute_2,赞许,他,赞许-他
0.0,0.0,0.0,0.0,0.0,attribute_2,赞许,别人,赞许-别人
0.0,0.0,0.0,0.0,0.0,attribute_2,赞许,他们,赞许-他们
0.0,0.0,0.0,0.0,0.0,attribute_2,赞许,他的,赞许-他的
0.0,0.0,0.0,0.0,0.0,attribute_2,赞许,他们的,赞许-他们的
0.249612909158,0.314853313977,0.137272395274,0.09241604442,0.09450548192,attribute_2,平等,他,平等-他
0.441103322147,0.355420895603,0.203562182159,0.117005622289,0.128737547273,attribute_2,平等,别人,平等-别人
0.394853996199,0.369701553391,0.212610763281,0.184728589382,0.165024196104,attribute_2,平等,他们,平等-他们
0.0,0.0,0.0,0.0,0.0,attribute_2,平等,他的,平等-他的
0.0,0.0,0.0,0.0,0.0,attribute_2,平等,他们的,平等-他们的
0.0,0.0,0.0,0.121048629573,0.138046418911,attribute_2,助手,他,助手-他
0.0,0.0,0.0,0.0789951331168,0.0930740727423,attribute_2,助手,别人,助手-别人
0.0,0.0,0.0,0.173005767084,0.186994090677,attribute_2,助手,他们,助手-他们
0.0,0.0,0.0,0.0,0.0,attribute_2,助手,他的,助手-他的
0.0,0.0,0.0,0.0,0.0,attribute_2,助手,他们的,助手-他们的
0.0,0.0,0.343794343352,0.226786293618,0.107607318742,attribute_2,关切,他,关切-他
0.0,0.0,0.238626079808,0.132164846092,0.170084185279,attribute_2,关切,别人,关切-别人
0.0,0.0,0.312369181625,0.211381909314,0.169314279091,attribute_2,关切,他们,关切-他们
0.0,0.0,0.0,0.0,0.0,attribute_2,关切,他的,关切-他的
0.0,0.0,0.0,0.0,0.0,attribute_2,关切,他们的,关切-他们的
0.0,0.0,0.0,0.0,0.0,attribute_2,毁谤,他,毁谤-他
0.0,0.0,0.0,0.0,0.0,attribute_2,毁谤,别人,毁谤-别人
0.0,0.0,0.0,0.0,0.0,attribute_2,毁谤,他们,毁谤-他们
0.0,0.0,0.0,0.0,0.0,attribute_2,毁谤,他的,毁谤-他的
0.0,0.0,0.0,0.0,0.0,attribute_2,毁谤,他们的,毁谤-他们的
0.0,0.0,0.0,0.0,0.0,attribute_2,盲从,他,盲从-他
0.0,0.0,0.0,0.0,0.0,attribute_2,盲从,别人,盲从-别人
0.0,0.0,0.0,0.0,0.0,attribute_2,盲从,他们,盲从-他们
0.0,0.0,0.0,0.0,0.0,attribute_2,盲从,他的,盲从-他的
0.0,0.0,0.0,0.0,0.0,attribute_2,盲从,他们的,盲从-他们的
0.227441892853,0.273700883599,0.159753360397,0.0402276971838,0.0201276947079,attribute_2,团体,他,团体-他
0.316582266696,0.286232050361,0.133188705322,0.0577972032751,0.0862450793367,attribute_2,团体,别人,团体-别人
0.438024354287,0.3770802617,0.164355271763,0.097066082701,0.0609818666905,attribute_2,团体,他们,团体-他们
0.0,0.0,0.0,0.0,0.0,attribute_2,团体,他的,团体-他的
0.0,0.0,0.0,0.0,0.0,attribute_2,团体,他们的,团体-他们的
0.0,0.0,0.0,0.0,0.0,attribute_2,移情,他,移情-他
0.0,0.0,0.0,0.0,0.0,attribute_2,移情,别人,移情-别人
0.0,0.0,0.0,0.0,0.0,attribute_2,移情,他们,移情-他们
0.0,0.0,0.0,0.0,0.0,attribute_2,移情,他的,移情-他的
0.0,0.0,0.0,0.0,0.0,attribute_2,移情,他们的,移情-他们的
0.0,0.0,0.0,0.0,0.0,attribute_2,非政府组织,他,非政府组织-他
0.0,0.0,0.0,0.0,0.0,attribute_2,非政府组织,别人,非政府组织-别人
0.0,0.0,0.0,0.0,0.0,attribute_2,非政府组织,他们,非政府组织-他们
0.0,0.0,0.0,0.0,0.0,attribute_2,非政府组织,他的,非政府组织-他的
0.0,0.0,0.0,0.0,0.0,attribute_2,非政府组织,他们的,非政府组织-他们的
0.22685557673,0.326103919091,0.150826294704,0.193831297472,0.0898771350364,attribute_2,自由,他,自由-他
0.43669711228,0.348025843207,0.212332762993,0.179730666539,0.160583899258,attribute_2,自由,别人,自由-别人
0.34939803385,0.411466203152,0.171445591572,0.216437295798,0.141966694595,attribute_2,自由,他们,自由-他们
0.0,0.0,0.0,0.0,0.0,attribute_2,自由,他的,自由-他的
0.0,0.0,0.0,0.0,0.0,attribute_2,自由,他们的,自由-他们的
0.0,0.0,0.359288773762,0.332280786984,0.33226201711,attribute_2,感激,他,感激-他
0.0,0.0,0.251172720497,0.212471721592,0.28041072714,attribute_2,感激,别人,感激-别人
0.0,0.0,0.304904267804,0.24854156437,0.286918067605,attribute_2,感激,他们,感激-他们
0.0,0.0,0.0,0.0,0.0,attribute_2,感激,他的,感激-他的
0.0,0.0,0.0,0.0,0.0,attribute_2,感激,他们的,感激-他们的
0.0,0.0,0.0,0.131524221312,0.120901422382,attribute_2,助长,他,助长-他
0.0,0.0,0.0,0.15149160958,0.129109477471,attribute_2,助长,别人,助长-别人
0.0,0.0,0.0,0.120243040894,0.178981760852,attribute_2,助长,他们,助长-他们
0.0,0.0,0.0,0.0,0.0,attribute_2,助长,他的,助长-他的
0.0,0.0,0.0,0.0,0.0,attribute_2,助长,他们的,助长-他们的
0.0,0.0,0.254397035245,0.146559773853,0.134554708566,attribute_2,忠诚,他,忠诚-他
0.0,0.0,0.18140332122,0.00728907995429,0.0751435589129,attribute_2,忠诚,别人,忠诚-别人
0.0,0.0,0.263368542595,0.158605911994,0.105488830271,attribute_2,忠诚,他们,忠诚-他们
0.0,0.0,0.0,0.0,0.0,attribute_2,忠诚,他的,忠诚-他的
0.0,0.0,0.0,0.0,0.0,attribute_2,忠诚,他们的,忠诚-他们的
0.0,0.0,0.0,0.0,0.0,attribute_2,随和,他,随和-他
0.0,0.0,0.0,0.0,0.0,attribute_2,随和,别人,随和-别人
0.0,0.0,0.0,0.0,0.0,attribute_2,随和,他们,随和-他们
0.0,0.0,0.0,0.0,0.0,attribute_2,随和,他的,随和-他的
0.0,0.0,0.0,0.0,0.0,attribute_2,随和,他们的,随和-他们的
0.193961829014,0.0,0.169834934013,0.0827007706429,0.0924528449313,attribute_2,委托,他,委托-他
0.334670815889,0.0,0.210360873877,0.15477113096,0.178407451056,attribute_2,委托,别人,委托-别人
0.294775044245,0.0,0.204738885304,0.0832872757011,0.103131320318,attribute_2,委托,他们,委托-他们
0.0,0.0,0.0,0.0,0.0,attribute_2,委托,他的,委托-他的
0.0,0.0,0.0,0.0,0.0,attribute_2,委托,他们的,委托-他们的
0.0,0.0,0.0,0.0,0.0,attribute_2,普适,他,普适-他
0.0,0.0,0.0,0.0,0.0,attribute_2,普适,别人,普适-别人
0.0,0.0,0.0,0.0,0.0,attribute_2,普适,他们,普适-他们
0.0,0.0,0.0,0.0,0.0,attribute_2,普适,他的,普适-他的
0.0,0.0,0.0,0.0,0.0,attribute_2,普适,他们的,普适-他们的
0.0,0.0,0.0,0.0,0.0,attribute_2,人人,他,人人-他
0.0,0.0,0.0,0.0,0.0,attribute_2,人人,别人,人人-别人
0.0,0.0,0.0,0.0,0.0,attribute_2,人人,他们,人人-他们
0.0,0.0,0.0,0.0,0.0,attribute_2,人人,他的,人人-他的
0.0,0.0,0.0,0.0,0.0,attribute_2,人人,他们的,人人-他们的
0.0,0.0,0.0,0.0939095434685,0.108715664475,attribute_2,群体,他,群体-他
0.0,0.0,0.0,0.128206790871,0.0786879640941,attribute_2,群体,别人,群体-别人
0.0,0.0,0.0,0.290251411651,0.113133761173,attribute_2,群体,他们,群体-他们
0.0,0.0,0.0,0.0,0.0,attribute_2,群体,他的,群体-他的
0.0,0.0,0.0,0.0,0.0,attribute_2,群体,他们的,群体-他们的
0.0,0.0,0.324585494267,0.285715085861,0.303526754995,attribute_2,可怜,他,可怜-他
0.0,0.0,0.316684929023,0.251201173313,0.277232574315,attribute_2,可怜,别人,可怜-别人
0.0,0.0,0.333306515123,0.277353589728,0.253119433439,attribute_2,可怜,他们,可怜-他们
0.0,0.0,0.0,0.0,0.0,attribute_2,可怜,他的,可怜-他的
0.0,0.0,0.0,0.0,0.0,attribute_2,可怜,他们的,可怜-他们的
0.0,0.0,0.0,0.0,0.0,attribute_2,可持续,他,可持续-他
0.0,0.0,0.0,0.0,0.0,attribute_2,可持续,别人,可持续-别人
0.0,0.0,0.0,0.0,0.0,attribute_2,可持续,他们,可持续-他们
0.0,0.0,0.0,0.0,0.0,attribute_2,可持续,他的,可持续-他的
0.0,0.0,0.0,0.0,0.0,attribute_2,可持续,他们的,可持续-他们的
0.592934299683,0.414860236721,0.245016123426,0.18727041685,0.237022606001,attribute_2,相信,他,相信-他
0.785983911301,0.47821012778,0.243481329746,0.157607968359,0.110453640642,attribute_2,相信,别人,相信-别人
0.7032926261,0.394466080754,0.26688551641,0.195865891427,0.242188782857,attribute_2,相信,他们,相信-他们
0.0,0.0,0.0,0.0,0.0,attribute_2,相信,他的,相信-他的
0.0,0.0,0.0,0.0,0.0,attribute_2,相信,他们的,相信-他们的
0.0,0.0,0.0,0.0,0.0,attribute_2,忠心,他,忠心-他
0.0,0.0,0.0,0.0,0.0,attribute_2,忠心,别人,忠心-别人
0.0,0.0,0.0,0.0,0.0,attribute_2,忠心,他们,忠心-他们
0.0,0.0,0.0,0.0,0.0,attribute_2,忠心,他的,忠心-他的
0.0,0.0,0.0,0.0,0.0,attribute_2,忠心,他们的,忠心-他们的
0.222454052545,0.0,0.206868378183,0.0921891468556,0.100161285292,attribute_2,公正,他,公正-他
0.423619764689,0.0,0.204170150285,0.0824045969447,0.111371503863,attribute_2,公正,别人,公正-别人
0.304962897032,0.0,0.222624612918,0.0896487096906,0.0492079331,attribute_2,公正,他们,公正-他们
0.0,0.0,0.0,0.0,0.0,attribute_2,公正,他的,公正-他的
0.0,0.0,0.0,0.0,0.0,attribute_2,公正,他们的,公正-他们的
0.0,0.0,0.0,0.0,0.0,attribute_2,谦恭,他,谦恭-他
0.0,0.0,0.0,0.0,0.0,attribute_2,谦恭,别人,谦恭-别人
0.0,0.0,0.0,0.0,0.0,attribute_2,谦恭,他们,谦恭-他们
0.0,0.0,0.0,0.0,0.0,attribute_2,谦恭,他的,谦恭-他的
0.0,0.0,0.0,0.0,0.0,attribute_2,谦恭,他们的,谦恭-他们的
0.0,0.0,0.0,0.0677939408899,0.184939722277,attribute_2,贫乏,他,贫乏-他
0.0,0.0,0.0,0.113759415409,0.224768340093,attribute_2,贫乏,别人,贫乏-别人
0.0,0.0,0.0,0.179995323427,0.183887826282,attribute_2,贫乏,他们,贫乏-他们
0.0,0.0,0.0,0.0,0.0,attribute_2,贫乏,他的,贫乏-他的
0.0,0.0,0.0,0.0,0.0,attribute_2,贫乏,他们的,贫乏-他们的
0.48636618416,0.284293631322,0.185723722893,0.108001047943,0.0341451691598,attribute_2,等于,他,等于-他
0.441416830721,0.36686429346,0.139185148486,0.160699740573,0.123536232258,attribute_2,等于,别人,等于-别人
0.407171511724,0.320385158375,0.161513589374,0.192131385687,0.0908122030157,attribute_2,等于,他们,等于-他们
0.0,0.0,0.0,0.0,0.0,attribute_2,等于,他的,等于-他的
0.0,0.0,0.0,0.0,0.0,attribute_2,等于,他们的,等于-他们的
0.0,0.0,0.0,0.176908284989,0.225536905207,attribute_2,共鸣,他,共鸣-他
0.0,0.0,0.0,0.198405077303,0.171072454997,attribute_2,共鸣,别人,共鸣-别人
0.0,0.0,0.0,0.197394746565,0.224107258315,attribute_2,共鸣,他们,共鸣-他们
0.0,0.0,0.0,0.0,0.0,attribute_2,共鸣,他的,共鸣-他的
0.0,0.0,0.0,0.0,0.0,attribute_2,共鸣,他们的,共鸣-他们的
0.0,0.474111952698,0.282440192252,0.223386283036,0.236796597836,attribute_2,亲切,他,亲切-他
0.0,0.412609239619,0.14118935547,0.147032706245,0.129227394067,attribute_2,亲切,别人,亲切-别人
0.0,0.4158868013,0.305689769168,0.180197890597,0.273211488184,attribute_2,亲切,他们,亲切-他们
0.0,0.0,0.0,0.0,0.0,attribute_2,亲切,他的,亲切-他的
0.0,0.0,0.0,0.0,0.0,attribute_2,亲切,他们的,亲切-他们的
0.187390533062,0.0,0.145416508455,0.10749529268,0.062568279006,attribute_2,司法,他,司法-他
0.226583423102,0.0,0.224903569778,0.124303952462,0.121749031025,attribute_2,司法,别人,司法-别人
0.226249014365,0.0,0.221346122292,0.15086826598,0.0876050459893,attribute_2,司法,他们,司法-他们
0.0,0.0,0.0,0.0,0.0,attribute_2,司法,他的,司法-他的
0.0,0.0,0.0,0.0,0.0,attribute_2,司法,他们的,司法-他们的
0.0,0.0,0.0,0.0,0.0,attribute_2,和蔼,他,和蔼-他
0.0,0.0,0.0,0.0,0.0,attribute_2,和蔼,别人,和蔼-别人
0.0,0.0,0.0,0.0,0.0,attribute_2,和蔼,他们,和蔼-他们
0.0,0.0,0.0,0.0,0.0,attribute_2,和蔼,他的,和蔼-他的
0.0,0.0,0.0,0.0,0.0,attribute_2,和蔼,他们的,和蔼-他们的
0.0,0.0,0.0,0.0,0.0,attribute_2,忠贞,他,忠贞-他
0.0,0.0,0.0,0.0,0.0,attribute_2,忠贞,别人,忠贞-别人
0.0,0.0,0.0,0.0,0.0,attribute_2,忠贞,他们,忠贞-他们
0.0,0.0,0.0,0.0,0.0,attribute_2,忠贞,他的,忠贞-他的
0.0,0.0,0.0,0.0,0.0,attribute_2,忠贞,他们的,忠贞-他们的
0.199533142402,0.294323372843,0.169214660739,0.180546542609,0.151576301075,attribute_2,疾病,他,疾病-他
0.43691133248,0.355950863383,0.259424587772,0.100083130509,0.0965039883581,attribute_2,疾病,别人,疾病-别人
0.272704301229,0.367827531658,0.217742790298,0.150910036136,0.0885670266755,attribute_2,疾病,他们,疾病-他们
0.0,0.0,0.0,0.0,0.0,attribute_2,疾病,他的,疾病-他的
0.0,0.0,0.0,0.0,0.0,attribute_2,疾病,他们的,疾病-他们的
0.0,0.0,0.0,0.220674652948,0.282845424341,attribute_2,成见,他,成见-他
0.0,0.0,0.0,0.19694459696,0.237151611806,attribute_2,成见,别人,成见-别人
0.0,0.0,0.0,0.328373829158,0.334239459905,attribute_2,成见,他们,成见-他们
0.0,0.0,0.0,0.0,0.0,attribute_2,成见,他的,成见-他的
0.0,0.0,0.0,0.0,0.0,attribute_2,成见,他们的,成见-他们的
0.0,0.0,0.0,0.236261317775,0.201068156818,attribute_2,真心,他,真心-他
0.0,0.0,0.0,0.312005825148,0.333606120771,attribute_2,真心,别人,真心-别人
0.0,0.0,0.0,0.277341363683,0.223840592207,attribute_2,真心,他们,真心-他们
0.0,0.0,0.0,0.0,0.0,attribute_2,真心,他的,真心-他的
0.0,0.0,0.0,0.0,0.0,attribute_2,真心,他们的,真心-他们的
0.573534337156,0.488938886947,0.298341654326,0.291411980057,0.21661140864,attribute_2,感情,他,感情-他
0.689484292887,0.422396908604,0.216145138036,0.235916282563,0.289585018272,attribute_2,感情,别人,感情-别人
0.65909843632,0.454383399062,0.306293151676,0.332755814999,0.249871529568,attribute_2,感情,他们,感情-他们
0.0,0.0,0.0,0.0,0.0,attribute_2,感情,他的,感情-他的
0.0,0.0,0.0,0.0,0.0,attribute_2,感情,他们的,感情-他们的
0.0,0.0,0.0,0.0,0.0636935497868,attribute_2,整合,他,整合-他
0.0,0.0,0.0,0.0,0.101450176728,attribute_2,整合,别人,整合-别人
0.0,0.0,0.0,0.0,0.0953882345087,attribute_2,整合,他们,整合-他们
0.0,0.0,0.0,0.0,0.0,attribute_2,整合,他的,整合-他的
0.0,0.0,0.0,0.0,0.0,attribute_2,整合,他们的,整合-他们的
0.0,0.0,0.0,0.0,0.0,attribute_2,不偏不倚,他,不偏不倚-他
0.0,0.0,0.0,0.0,0.0,attribute_2,不偏不倚,别人,不偏不倚-别人
0.0,0.0,0.0,0.0,0.0,attribute_2,不偏不倚,他们,不偏不倚-他们
0.0,0.0,0.0,0.0,0.0,attribute_2,不偏不倚,他的,不偏不倚-他的
0.0,0.0,0.0,0.0,0.0,attribute_2,不偏不倚,他们的,不偏不倚-他们的
0.0902572645049,0.354294128812,0.232384276068,0.0901492732126,0.0688375005223,attribute_2,环境,他,环境-他
0.223043297166,0.358002379653,0.105275515935,0.0444098793736,0.00425316239388,attribute_2,环境,别人,环境-别人
0.164993407368,0.390018298093,0.217481505513,0.14230567167,0.0459055069121,attribute_2,环境,他们,环境-他们
0.0,0.0,0.0,0.0,0.0,attribute_2,环境,他的,环境-他的
0.0,0.0,0.0,0.0,0.0,attribute_2,环境,他们的,环境-他们的
0.378732022584,0.3507257905,0.158702209399,0.130129818227,0.106132890512,attribute_2,吸引,他,吸引-他
0.562484245582,0.385919941983,0.155755106701,0.111621711114,0.148221447942,attribute_2,吸引,别人,吸引-别人
0.546799938189,0.373794231916,0.215740718815,0.195619818637,0.233052631224,attribute_2,吸引,他们,吸引-他们
0.0,0.0,0.0,0.0,0.0,attribute_2,吸引,他的,吸引-他的
0.0,0.0,0.0,0.0,0.0,attribute_2,吸引,他们的,吸引-他们的
0.0,0.454582060172,0.243693181848,0.216800388603,0.273629433764,attribute_2,老实,他,老实-他
0.0,0.498295144803,0.313438513062,0.198753821187,0.141159444953,attribute_2,老实,别人,老实-别人
0.0,0.45732229747,0.305151672771,0.263531693899,0.244673486759,attribute_2,老实,他们,老实-他们
0.0,0.0,0.0,0.0,0.0,attribute_2,老实,他的,老实-他的
0.0,0.0,0.0,0.0,0.0,attribute_2,老实,他们的,老实-他们的
0.0,0.0,0.388535459121,0.330745874084,0.198436806688,attribute_2,客气,他,客气-他
0.0,0.0,0.349270339481,0.25086581527,0.240967465239,attribute_2,客气,别人,客气-别人
0.0,0.0,0.300027004194,0.271410347372,0.162344332434,attribute_2,客气,他们,客气-他们
0.0,0.0,0.0,0.0,0.0,attribute_2,客气,他的,客气-他的
0.0,0.0,0.0,0.0,0.0,attribute_2,客气,他们的,客气-他们的
0.0,0.0,0.0,0.383145223363,0.325441099221,attribute_2,有礼,他,有礼-他
0.0,0.0,0.0,0.223318633082,0.281817959734,attribute_2,有礼,别人,有礼-别人
0.0,0.0,0.0,0.347408394822,0.241991739556,attribute_2,有礼,他们,有礼-他们
0.0,0.0,0.0,0.0,0.0,attribute_2,有礼,他的,有礼-他的
0.0,0.0,0.0,0.0,0.0,attribute_2,有礼,他们的,有礼-他们的
0.168024223177,0.269320745369,0.114575920946,0.0651195086963,0.057570460659,attribute_2,危害,他,危害-他
0.379871410949,0.290305290337,0.151108969778,0.154198098573,0.0865653206376,attribute_2,危害,别人,危害-别人
0.241541136536,0.355054291047,0.0956283022801,0.0664361323058,0.103822755898,attribute_2,危害,他们,危害-他们
0.0,0.0,0.0,0.0,0.0,attribute_2,危害,他的,危害-他的
0.0,0.0,0.0,0.0,0.0,attribute_2,危害,他们的,危害-他们的
0.195709247559,0.263097829401,0.227887691393,0.149744526526,0.135305962644,attribute_2,和平,他,和平-他
0.292954731864,0.276857093196,0.13686773412,0.0455639350089,0.0609285420137,attribute_2,和平,别人,和平-别人
0.281077264569,0.295283539222,0.159010245197,0.151806544396,0.0943553024449,attribute_2,和平,他们,和平-他们
0.0,0.0,0.0,0.0,0.0,attribute_2,和平,他的,和平-他的
0.0,0.0,0.0,0.0,0.0,attribute_2,和平,他们的,和平-他们的
0.0,0.0,0.0,0.260535663005,0.294690056935,attribute_2,穷困,他,穷困-他
0.0,0.0,0.0,0.22949020859,0.286738714658,attribute_2,穷困,别人,穷困-别人
0.0,0.0,0.0,0.337982778747,0.326758346022,attribute_2,穷困,他们,穷困-他们
0.0,0.0,0.0,0.0,0.0,attribute_2,穷困,他的,穷困-他的
0.0,0.0,0.0,0.0,0.0,attribute_2,穷困,他们的,穷困-他们的
0.0,0.0,0.0,0.447014497453,0.459025652373,attribute_2,慈祥,他,慈祥-他
0.0,0.0,0.0,0.222208404837,0.25322020146,attribute_2,慈祥,别人,慈祥-别人
0.0,0.0,0.0,0.335540644853,0.349433283749,attribute_2,慈祥,他们,慈祥-他们
0.0,0.0,0.0,0.0,0.0,attribute_2,慈祥,他的,慈祥-他的
0.0,0.0,0.0,0.0,0.0,attribute_2,慈祥,他们的,慈祥-他们的
0.0,0.0,0.0,0.341064477955,0.228298101737,attribute_2,问候,他,问候-他
0.0,0.0,0.0,0.188508122306,0.123110391415,attribute_2,问候,别人,问候-别人
0.0,0.0,0.0,0.258261332844,0.1946638328,attribute_2,问候,他们,问候-他们
0.0,0.0,0.0,0.0,0.0,attribute_2,问候,他的,问候-他的
0.0,0.0,0.0,0.0,0.0,attribute_2,问候,他们的,问候-他们的
0.0,0.0,0.0,0.0,0.0,attribute_2,仁慈,他,仁慈-他
0.0,0.0,0.0,0.0,0.0,attribute_2,仁慈,别人,仁慈-别人
0.0,0.0,0.0,0.0,0.0,attribute_2,仁慈,他们,仁慈-他们
0.0,0.0,0.0,0.0,0.0,attribute_2,仁慈,他的,仁慈-他的
0.0,0.0,0.0,0.0,0.0,attribute_2,仁慈,他们的,仁慈-他们的
0.0,0.0,0.241234947352,0.156726339333,0.240303947829,attribute_2,偏见,他,偏见-他
0.0,0.0,0.283648455881,0.0958250405849,0.137801737117,attribute_2,偏见,别人,偏见-别人
0.0,0.0,0.323518604153,0.196723085614,0.214263299708,attribute_2,偏见,他们,偏见-他们
0.0,0.0,0.0,0.0,0.0,attribute_2,偏见,他的,偏见-他的
0.0,0.0,0.0,0.0,0.0,attribute_2,偏见,他们的,偏见-他们的
0.0,0.0,0.0,0.126085862983,0.167085235079,attribute_2,迷信,他,迷信-他
0.0,0.0,0.0,0.172107871655,0.159320036422,attribute_2,迷信,别人,迷信-别人
0.0,0.0,0.0,0.211911360257,0.164185210634,attribute_2,迷信,他们,迷信-他们
0.0,0.0,0.0,0.0,0.0,attribute_2,迷信,他的,迷信-他的
0.0,0.0,0.0,0.0,0.0,attribute_2,迷信,他们的,迷信-他们的
0.0,0.0,0.0,0.0987608716495,0.0904832323209,attribute_2,全球,他,全球-他
0.0,0.0,0.0,0.102087576028,0.000325913389564,attribute_2,全球,别人,全球-别人
0.0,0.0,0.0,0.113985704082,0.0635020541353,attribute_2,全球,他们,全球-他们
0.0,0.0,0.0,0.0,0.0,attribute_2,全球,他的,全球-他的
0.0,0.0,0.0,0.0,0.0,attribute_2,全球,他们的,全球-他们的
0.318395078247,0.217508257047,0.169988607149,0.159415193223,0.176632741282,attribute_2,教育,他,教育-他
0.250264645391,0.277097554998,0.138790487445,0.0528574559467,0.106058663796,attribute_2,教育,别人,教育-别人
0.465018821116,0.3907154865,0.276537291777,0.169061146811,0.142127434926,attribute_2,教育,他们,教育-他们
0.0,0.0,0.0,0.0,0.0,attribute_2,教育,他的,教育-他的
0.0,0.0,0.0,0.0,0.0,attribute_2,教育,他们的,教育-他们的
0.0,0.0,0.0,0.0,0.0,attribute_2,倾诉,他,倾诉-他
0.0,0.0,0.0,0.0,0.0,attribute_2,倾诉,别人,倾诉-别人
0.0,0.0,0.0,0.0,0.0,attribute_2,倾诉,他们,倾诉-他们
0.0,0.0,0.0,0.0,0.0,attribute_2,倾诉,他的,倾诉-他的
0.0,0.0,0.0,0.0,0.0,attribute_2,倾诉,他们的,倾诉-他们的
0.0,0.0,0.0,0.0891922223095,0.174102893847,attribute_2,牵涉,他,牵涉-他
0.0,0.0,0.0,0.0697193282042,0.107921288875,attribute_2,牵涉,别人,牵涉-别人
0.0,0.0,0.0,0.147115149975,0.129956220753,attribute_2,牵涉,他们,牵涉-他们
0.0,0.0,0.0,0.0,0.0,attribute_2,牵涉,他的,牵涉-他的
0.0,0.0,0.0,0.0,0.0,attribute_2,牵涉,他们的,牵涉-他们的
0.153600387317,0.281784912398,0.160291057293,0.105943620937,0.141414369587,attribute_2,集团,他,集团-他
0.268471147763,0.302940988718,0.194540965072,0.0650004496059,0.0555598404181,attribute_2,集团,别人,集团-别人
0.279659253211,0.375970079375,0.263888455576,0.184759649186,0.0944554785021,attribute_2,集团,他们,集团-他们
0.0,0.0,0.0,0.0,0.0,attribute_2,集团,他的,集团-他的
0.0,0.0,0.0,0.0,0.0,attribute_2,集团,他们的,集团-他们的
0.0,0.0,0.0,0.253513548519,0.236235205893,attribute_2,虐待,他,虐待-他
0.0,0.0,0.0,0.219138041722,0.226764264003,attribute_2,虐待,别人,虐待-别人
0.0,0.0,0.0,0.25280760076,0.251963697472,attribute_2,虐待,他们,虐待-他们
0.0,0.0,0.0,0.0,0.0,attribute_2,虐待,他的,虐待-他的
0.0,0.0,0.0,0.0,0.0,attribute_2,虐待,他们的,虐待-他们的
0.0,0.0,0.275477181479,0.11850417029,0.124569231774,attribute_2,助理,他,助理-他
0.0,0.0,0.163493818112,0.0375526435862,0.071167459775,attribute_2,助理,别人,助理-别人
0.0,0.0,0.199256300574,0.107029803354,0.0714765906077,attribute_2,助理,他们,助理-他们
0.0,0.0,0.0,0.0,0.0,attribute_2,助理,他的,助理-他的
0.0,0.0,0.0,0.0,0.0,attribute_2,助理,他们的,助理-他们的
0.175214128958,0.126411176788,0.173567605691,0.0586688085161,0.0776666967732,attribute_2,交流,他,交流-他
0.218840590239,0.276566313474,0.16685566615,0.104659991401,0.145877408635,attribute_2,交流,别人,交流-别人
0.382722534742,0.253823480585,0.192792075502,0.124639267713,0.159636450847,attribute_2,交流,他们,交流-他们
0.0,0.0,0.0,0.0,0.0,attribute_2,交流,他的,交流-他的
0.0,0.0,0.0,0.0,0.0,attribute_2,交流,他们的,交流-他们的
0.246255631387,0.315660863107,0.117261185783,0.056164567021,0.078289481834,attribute_2,社会,他,社会-他
0.243726843051,0.279811986701,0.0268794964428,0.0607291411451,0.0392440501807,attribute_2,社会,别人,社会-别人
0.401293083081,0.404853607779,0.216527092918,0.0888363269236,0.146289294385,attribute_2,社会,他们,社会-他们
0.0,0.0,0.0,0.0,0.0,attribute_2,社会,他的,社会-他的
0.0,0.0,0.0,0.0,0.0,attribute_2,社会,他们的,社会-他们的
0.0,0.366080980514,0.143252186046,0.14890892919,0.141077621526,attribute_2,人性,他,人性-他
0.0,0.452068289516,0.112004047176,0.0591493418438,0.153202670411,attribute_2,人性,别人,人性-别人
0.0,0.406187334946,0.200410992052,0.162991451892,0.194696079999,attribute_2,人性,他们,人性-他们
0.0,0.0,0.0,0.0,0.0,attribute_2,人性,他的,人性-他的
0.0,0.0,0.0,0.0,0.0,attribute_2,人性,他们的,人性-他们的
0.0,0.0,0.0,0.0534861184695,0.0188400059303,attribute_2,承受,他,承受-他
0.0,0.0,0.0,0.104468696414,0.0344887539758,attribute_2,承受,别人,承受-别人
0.0,0.0,0.0,0.11611038681,0.0102807732878,attribute_2,承受,他们,承受-他们
0.0,0.0,0.0,0.0,0.0,attribute_2,承受,他的,承受-他的
0.0,0.0,0.0,0.0,0.0,attribute_2,承受,他们的,承受-他们的
0.0,0.0,0.0,0.422399558164,0.383985256105,attribute_2,生病,他,生病-他
0.0,0.0,0.0,0.316445438385,0.24484728863,attribute_2,生病,别人,生病-别人
0.0,0.0,0.0,0.369167832076,0.292089936974,attribute_2,生病,他们,生病-他们
0.0,0.0,0.0,0.0,0.0,attribute_2,生病,他的,生病-他的
0.0,0.0,0.0,0.0,0.0,attribute_2,生病,他们的,生病-他们的
0.0,0.274194189726,0.183741974222,0.214165275262,0.228908926749,attribute_2,民众,他,民众-他
0.0,0.39459893214,0.218128796221,0.1483030502,0.134034732089,attribute_2,民众,别人,民众-别人
0.0,0.380084813807,0.272896293388,0.2241048452,0.267778249549,attribute_2,民众,他们,民众-他们
0.0,0.0,0.0,0.0,0.0,attribute_2,民众,他的,民众-他的
0.0,0.0,0.0,0.0,0.0,attribute_2,民众,他们的,民众-他们的
0.424011764272,0.398314241859,0.197711774997,0.180151138913,0.185974832948,attribute_2,同情,他,同情-他
0.640986586155,0.331797743969,0.262966028684,0.141564444598,0.146107263526,attribute_2,同情,别人,同情-别人
0.564194717997,0.370218914524,0.248344163523,0.242376314344,0.255008810963,attribute_2,同情,他们,同情-他们
0.0,0.0,0.0,0.0,0.0,attribute_2,同情,他的,同情-他的
0.0,0.0,0.0,0.0,0.0,attribute_2,同情,他们的,同情-他们的
0.0,0.0,0.0,0.0,0.0,attribute_2,每人,他,每人-他
0.0,0.0,0.0,0.0,0.0,attribute_2,每人,别人,每人-别人
0.0,0.0,0.0,0.0,0.0,attribute_2,每人,他们,每人-他们
0.0,0.0,0.0,0.0,0.0,attribute_2,每人,他的,每人-他的
0.0,0.0,0.0,0.0,0.0,attribute_2,每人,他们的,每人-他们的
0.0,0.0,0.0,0.0,0.308186920701,attribute_2,致意,他,致意-他
0.0,0.0,0.0,0.0,0.273919131474,attribute_2,致意,别人,致意-别人
0.0,0.0,0.0,0.0,0.291074790653,attribute_2,致意,他们,致意-他们
0.0,0.0,0.0,0.0,0.0,attribute_2,致意,他的,致意-他的
0.0,0.0,0.0,0.0,0.0,attribute_2,致意,他们的,致意-他们的
0.0,0.0,0.0,0.176224805475,0.161942503943,attribute_2,讲授,他,讲授-他
0.0,0.0,0.0,0.11423728951,0.0678874451749,attribute_2,讲授,别人,讲授-别人
0.0,0.0,0.0,0.126155187866,0.160819518308,attribute_2,讲授,他们,讲授-他们
0.0,0.0,0.0,0.0,0.0,attribute_2,讲授,他的,讲授-他的
0.0,0.0,0.0,0.0,0.0,attribute_2,讲授,他们的,讲授-他们的
0.0,0.0,0.0,0.0,0.0,attribute_2,养育,他,养育-他
0.0,0.0,0.0,0.0,0.0,attribute_2,养育,别人,养育-别人
0.0,0.0,0.0,0.0,0.0,attribute_2,养育,他们,养育-他们
0.0,0.0,0.0,0.0,0.0,attribute_2,养育,他的,养育-他的
0.0,0.0,0.0,0.0,0.0,attribute_2,养育,他们的,养育-他们的
0.406016982993,0.390564741664,0.199294613009,0.102304597659,0.197655037968,attribute_2,同样,他,同样-他
0.611972080142,0.442206073094,0.207376605676,0.219834488746,0.245960447481,attribute_2,同样,别人,同样-别人
0.461270467309,0.403503512932,0.22599227899,0.17489205123,0.250315801072,attribute_2,同样,他们,同样-他们
0.0,0.0,0.0,0.0,0.0,attribute_2,同样,他的,同样-他的
0.0,0.0,0.0,0.0,0.0,attribute_2,同样,他们的,同样-他们的
0.0,0.0,0.0,0.323801102044,0.260379978114,attribute_2,原谅,他,原谅-他
0.0,0.0,0.0,0.304199257438,0.339254134862,attribute_2,原谅,别人,原谅-别人
0.0,0.0,0.0,0.321186463741,0.25473442551,attribute_2,原谅,他们,原谅-他们
0.0,0.0,0.0,0.0,0.0,attribute_2,原谅,他的,原谅-他的
0.0,0.0,0.0,0.0,0.0,attribute_2,原谅,他们的,原谅-他们的
0.0,0.329510831962,0.169504169671,0.146772802237,0.192021099666,attribute_2,榜样,他,榜样-他
0.0,0.358813010503,0.219801821825,0.158072975287,0.201972875591,attribute_2,榜样,别人,榜样-别人
0.0,0.36652957441,0.231941113267,0.192336862254,0.24082679295,attribute_2,榜样,他们,榜样-他们
0.0,0.0,0.0,0.0,0.0,attribute_2,榜样,他的,榜样-他的
0.0,0.0,0.0,0.0,0.0,attribute_2,榜样,他们的,榜样-他们的
0.0,0.0,0.283376295089,0.129418435218,0.173986771083,attribute_2,伦理,他,伦理-他
0.0,0.0,0.142918212275,0.0608991780668,0.117215039001,attribute_2,伦理,别人,伦理-别人
0.0,0.0,0.268660718658,0.188251237127,0.179252598556,attribute_2,伦理,他们,伦理-他们
0.0,0.0,0.0,0.0,0.0,attribute_2,伦理,他的,伦理-他的
0.0,0.0,0.0,0.0,0.0,attribute_2,伦理,他们的,伦理-他们的
0.0,0.0,0.359057650812,0.291189422815,0.247586890062,attribute_2,听从,他,听从-他
0.0,0.0,0.314896255274,0.259075491327,0.174201202884,attribute_2,听从,别人,听从-别人
0.0,0.0,0.288196625788,0.210542364154,0.195433748281,attribute_2,听从,他们,听从-他们
0.0,0.0,0.0,0.0,0.0,attribute_2,听从,他的,听从-他的
0.0,0.0,0.0,0.0,0.0,attribute_2,听从,他们的,听从-他们的
0.0,0.0,0.0,0.0490525452032,0.0814956427746,attribute_2,防护,他,防护-他
0.0,0.0,0.0,0.087188846602,0.13161215748,attribute_2,防护,别人,防护-别人
0.0,0.0,0.0,0.106056766817,0.105590700145,attribute_2,防护,他们,防护-他们
0.0,0.0,0.0,0.0,0.0,attribute_2,防护,他的,防护-他的
0.0,0.0,0.0,0.0,0.0,attribute_2,防护,他们的,防护-他们的
0.0,0.0,0.0,0.315270332703,0.250511842523,attribute_2,体谅,他,体谅-他
0.0,0.0,0.0,0.249344270509,0.178946220858,attribute_2,体谅,别人,体谅-别人
0.0,0.0,0.0,0.328607656464,0.256833533416,attribute_2,体谅,他们,体谅-他们
0.0,0.0,0.0,0.0,0.0,attribute_2,体谅,他的,体谅-他的
0.0,0.0,0.0,0.0,0.0,attribute_2,体谅,他们的,体谅-他们的
0.0,0.0,0.0,0.0,0.0,attribute_2,非营利,他,非营利-他
0.0,0.0,0.0,0.0,0.0,attribute_2,非营利,别人,非营利-别人
0.0,0.0,0.0,0.0,0.0,attribute_2,非营利,他们,非营利-他们
0.0,0.0,0.0,0.0,0.0,attribute_2,非营利,他的,非营利-他的
0.0,0.0,0.0,0.0,0.0,attribute_2,非营利,他们的,非营利-他们的
0.0,0.0,0.0,0.0,0.0,attribute_2,普世,他,普世-他
0.0,0.0,0.0,0.0,0.0,attribute_2,普世,别人,普世-别人
0.0,0.0,0.0,0.0,0.0,attribute_2,普世,他们,普世-他们
0.0,0.0,0.0,0.0,0.0,attribute_2,普世,他的,普世-他的
0.0,0.0,0.0,0.0,0.0,attribute_2,普世,他们的,普世-他们的
0.28880118251,0.365540424216,0.194343041349,0.102860329062,0.0551212187402,attribute_2,责任,他,责任-他
0.306426874374,0.482059524322,0.188634747622,0.117013453689,0.138157302927,attribute_2,责任,别人,责任-别人
0.325832117661,0.316081124167,0.180105820107,0.088098544642,0.0154081399333,attribute_2,责任,他们,责任-他们
0.0,0.0,0.0,0.0,0.0,attribute_2,责任,他的,责任-他的
0.0,0.0,0.0,0.0,0.0,attribute_2,责任,他们的,责任-他们的
0.0,0.0,0.0,0.0,0.0,attribute_2,理疗,他,理疗-他
0.0,0.0,0.0,0.0,0.0,attribute_2,理疗,别人,理疗-别人
0.0,0.0,0.0,0.0,0.0,attribute_2,理疗,他们,理疗-他们
0.0,0.0,0.0,0.0,0.0,attribute_2,理疗,他的,理疗-他的
0.0,0.0,0.0,0.0,0.0,attribute_2,理疗,他们的,理疗-他们的
0.0,0.0,0.0,0.0422268517124,0.00841200546338,attribute_2,互惠,他,互惠-他
0.0,0.0,0.0,0.0783616287164,0.12755260467,attribute_2,互惠,别人,互惠-别人
0.0,0.0,0.0,0.136471228466,-0.00790744059658,attribute_2,互惠,他们,互惠-他们
0.0,0.0,0.0,0.0,0.0,attribute_2,互惠,他的,互惠-他的
0.0,0.0,0.0,0.0,0.0,attribute_2,互惠,他们的,互惠-他们的
0.380398000193,0.350478693586,0.149991869177,0.0960172071771,0.160614230237,attribute_2,鼓舞,他,鼓舞-他
0.455719252765,0.267447556543,0.152849723978,0.0839024284257,0.13450891913,attribute_2,鼓舞,别人,鼓舞-别人
0.446920136348,0.392825072176,0.290742958912,0.140267294505,0.205248263052,attribute_2,鼓舞,他们,鼓舞-他们
0.0,0.0,0.0,0.0,0.0,attribute_2,鼓舞,他的,鼓舞-他的
0.0,0.0,0.0,0.0,0.0,attribute_2,鼓舞,他们的,鼓舞-他们的
0.0,0.0,0.0,0.232897685856,0.271029038216,attribute_2,善良,他,善良-他
0.0,0.0,0.0,0.196801144416,0.209837756547,attribute_2,善良,别人,善良-别人
0.0,0.0,0.0,0.28583557039,0.227851946537,attribute_2,善良,他们,善良-他们
0.0,0.0,0.0,0.0,0.0,attribute_2,善良,他的,善良-他的
0.0,0.0,0.0,0.0,0.0,attribute_2,善良,他们的,善良-他们的
0.0,0.0,0.0,0.0,0.0,attribute_2,教给,他,教给-他
0.0,0.0,0.0,0.0,0.0,attribute_2,教给,别人,教给-别人
0.0,0.0,0.0,0.0,0.0,attribute_2,教给,他们,教给-他们
0.0,0.0,0.0,0.0,0.0,attribute_2,教给,他的,教给-他的
0.0,0.0,0.0,0.0,0.0,attribute_2,教给,他们的,教给-他们的
0.0,0.0,0.311432026876,0.155415678453,0.13726225726,attribute_2,接待,他,接待-他
0.0,0.0,0.291962443954,0.0822347308547,0.0959612492175,attribute_2,接待,别人,接待-别人
0.0,0.0,0.315722774736,0.0973597909815,0.155362707357,attribute_2,接待,他们,接待-他们
0.0,0.0,0.0,0.0,0.0,attribute_2,接待,他的,接待-他的
0.0,0.0,0.0,0.0,0.0,attribute_2,接待,他们的,接待-他们的
0.193410178926,0.250964225233,0.133940260631,0.0506422694378,0.0245793735194,attribute_2,多样,他,多样-他
0.341043345257,0.288990656798,0.213216994849,0.0731648272465,0.0546711667277,attribute_2,多样,别人,多样-别人
0.304514390712,0.364656507838,0.142907425287,0.133730255862,0.0430727144353,attribute_2,多样,他们,多样-他们
0.0,0.0,0.0,0.0,0.0,attribute_2,多样,他的,多样-他的
0.0,0.0,0.0,0.0,0.0,attribute_2,多样,他们的,多样-他们的
0.116561889048,0.296855852694,0.206386605828,-0.0471063421941,0.0112351315583,attribute_2,完善,他,完善-他
0.213308123803,0.412123124229,0.191661813239,0.118261847512,0.0663832918728,attribute_2,完善,别人,完善-别人
0.268378032474,0.332434991078,0.187406053834,0.0785412223151,0.052157250855,attribute_2,完善,他们,完善-他们
0.0,0.0,0.0,0.0,0.0,attribute_2,完善,他的,完善-他的
0.0,0.0,0.0,0.0,0.0,attribute_2,完善,他们的,完善-他们的
0.0,0.0,0.0,0.0,0.0,attribute_2,款待,他,款待-他
0.0,0.0,0.0,0.0,0.0,attribute_2,款待,别人,款待-别人
0.0,0.0,0.0,0.0,0.0,attribute_2,款待,他们,款待-他们
0.0,0.0,0.0,0.0,0.0,attribute_2,款待,他的,款待-他的
0.0,0.0,0.0,0.0,0.0,attribute_2,款待,他们的,款待-他们的
0.0,0.0,0.0,0.0897921867872,0.15993173004,attribute_2,表扬,他,表扬-他
0.0,0.0,0.0,0.146175634143,0.236935803441,attribute_2,表扬,别人,表扬-别人
0.0,0.0,0.0,0.169631403985,0.236721876007,attribute_2,表扬,他们,表扬-他们
0.0,0.0,0.0,0.0,0.0,attribute_2,表扬,他的,表扬-他的
0.0,0.0,0.0,0.0,0.0,attribute_2,表扬,他们的,表扬-他们的
0.0,0.0,0.0,0.0,0.111638993784,attribute_2,美德,他,美德-他
0.0,0.0,0.0,0.0,0.0829312196175,attribute_2,美德,别人,美德-别人
0.0,0.0,0.0,0.0,0.168084315426,attribute_2,美德,他们,美德-他们
0.0,0.0,0.0,0.0,0.0,attribute_2,美德,他的,美德-他的
0.0,0.0,0.0,0.0,0.0,attribute_2,美德,他们的,美德-他们的
0.0,0.0,0.170397617041,0.138472459337,0.0880657167337,attribute_2,贫穷,他,贫穷-他
0.0,0.0,0.123970618994,0.188327249038,0.19925306359,attribute_2,贫穷,别人,贫穷-别人
0.0,0.0,0.240505087859,0.182871433369,0.106286484425,attribute_2,贫穷,他们,贫穷-他们
0.0,0.0,0.0,0.0,0.0,attribute_2,贫穷,他的,贫穷-他的
0.0,0.0,0.0,0.0,0.0,attribute_2,贫穷,他们的,贫穷-他们的
0.0,0.0,0.272503749175,0.162971339803,0.18583304577,attribute_2,倾听,他,倾听-他
0.0,0.0,0.40534315934,0.228306555372,0.200881133676,attribute_2,倾听,别人,倾听-别人
0.0,0.0,0.332164202786,0.281741593809,0.251431983913,attribute_2,倾听,他们,倾听-他们
0.0,0.0,0.0,0.0,0.0,attribute_2,倾听,他的,倾听-他的
0.0,0.0,0.0,0.0,0.0,attribute_2,倾听,他们的,倾听-他们的
0.0,0.0,0.203935876762,0.228040191622,0.214527497992,attribute_2,治疗,他,治疗-他
0.0,0.0,0.117404535175,0.0390035721144,0.098339297583,attribute_2,治疗,别人,治疗-别人
0.0,0.0,0.157685867291,0.0817845797283,0.0991630678421,attribute_2,治疗,他们,治疗-他们
0.0,0.0,0.0,0.0,0.0,attribute_2,治疗,他的,治疗-他的
0.0,0.0,0.0,0.0,0.0,attribute_2,治疗,他们的,治疗-他们的
0.409675325783,0.367364883158,0.143212480577,0.131168594965,0.103135320074,attribute_2,关心,他,关心-他
0.67539023017,0.436384766968,0.152726495088,0.109652666666,0.180857477808,attribute_2,关心,别人,关心-别人
0.683015933576,0.382970876952,0.280285465716,0.120344794613,0.231709836523,attribute_2,关心,他们,关心-他们
0.0,0.0,0.0,0.0,0.0,attribute_2,关心,他的,关心-他的
0.0,0.0,0.0,0.0,0.0,attribute_2,关心,他们的,关心-他们的
0.204199033366,0.177610302198,0.140187015116,0.0128667128072,0.0822562298047,attribute_2,共有,他,共有-他
0.193174064291,0.196339576117,0.115909965653,0.0650141441129,0.0661520391881,attribute_2,共有,别人,共有-别人
0.254180824477,0.246297519147,0.152214548373,0.12309816865,0.0457206993918,attribute_2,共有,他们,共有-他们
0.0,0.0,0.0,0.0,0.0,attribute_2,共有,他的,共有-他的
0.0,0.0,0.0,0.0,0.0,attribute_2,共有,他们的,共有-他们的
0.344587555934,0.340608743738,0.172261589716,0.0518066615725,0.0822220914861,attribute_2,尊重,他,尊重-他
0.584717462226,0.42028497218,0.237581291911,0.19251696204,0.145676756974,attribute_2,尊重,别人,尊重-别人
0.51125341046,0.403313265517,0.253593193573,0.149638862351,0.208755610037,attribute_2,尊重,他们,尊重-他们
0.0,0.0,0.0,0.0,0.0,attribute_2,尊重,他的,尊重-他的
0.0,0.0,0.0,0.0,0.0,attribute_2,尊重,他们的,尊重-他们的
0.0,0.0,0.0,0.105956523927,0.083541478216,attribute_2,不公,他,不公-他
0.0,0.0,0.0,0.177619802324,0.0980538349633,attribute_2,不公,别人,不公-别人
0.0,0.0,0.0,0.193006436902,0.11403055351,attribute_2,不公,他们,不公-他们
0.0,0.0,0.0,0.0,0.0,attribute_2,不公,他的,不公-他的
0.0,0.0,0.0,0.0,0.0,attribute_2,不公,他们的,不公-他们的
0.141978058859,0.358094749183,0.189443173168,0.0179235200098,0.0928948255253,attribute_2,公共,他,公共-他
0.364647535167,0.522784749649,0.21094701101,0.126938203351,0.130912629138,attribute_2,公共,别人,公共-别人
0.267491668895,0.433413402802,0.200962071797,0.142439314104,0.0896883223491,attribute_2,公共,他们,公共-他们
0.0,0.0,0.0,0.0,0.0,attribute_2,公共,他的,公共-他的
0.0,0.0,0.0,0.0,0.0,attribute_2,公共,他们的,公共-他们的
0.677903524294,0.56672339137,0.394163354703,0.410753648707,0.382856550802,attribute_2,孩子,他,孩子-他
0.679961629871,0.435281756501,0.358310819244,0.276400129792,0.274977801494,attribute_2,孩子,别人,孩子-别人
0.654765455326,0.439571171977,0.318388925595,0.386302588219,0.358949537735,attribute_2,孩子,他们,孩子-他们
0.0,0.0,0.0,0.0,0.0,attribute_2,孩子,他的,孩子-他的
0.0,0.0,0.0,0.0,0.0,attribute_2,孩子,他们的,孩子-他们的
0.0,0.0,0.0,0.167185931979,0.0968001382542,attribute_2,免费,他,免费-他
0.0,0.0,0.0,0.134144590778,0.0979335459597,attribute_2,免费,别人,免费-别人
0.0,0.0,0.0,0.183601271948,0.144707017947,attribute_2,免费,他们,免费-他们
0.0,0.0,0.0,0.0,0.0,attribute_2,免费,他的,免费-他的
0.0,0.0,0.0,0.0,0.0,attribute_2,免费,他们的,免费-他们的
0.32846359725,0.263526812249,0.213274587672,0.0815897056344,0.042492035431,attribute_2,客观,他,客观-他
0.454855627477,0.290237391544,0.240013516818,0.13027635582,0.148502547995,attribute_2,客观,别人,客观-别人
0.367826188458,0.39161702756,0.23515557311,0.178283407751,0.099288750589,attribute_2,客观,他们,客观-他们
0.0,0.0,0.0,0.0,0.0,attribute_2,客观,他的,客观-他的
0.0,0.0,0.0,0.0,0.0,attribute_2,客观,他们的,客观-他们的
0.0,0.0,0.0,0.0,0.0,attribute_2,供奉,他,供奉-他
0.0,0.0,0.0,0.0,0.0,attribute_2,供奉,别人,供奉-别人
0.0,0.0,0.0,0.0,0.0,attribute_2,供奉,他们,供奉-他们
0.0,0.0,0.0,0.0,0.0,attribute_2,供奉,他的,供奉-他的
0.0,0.0,0.0,0.0,0.0,attribute_2,供奉,他们的,供奉-他们的
0.376976765124,0.342728030667,0.137444558393,0.108239190401,0.0626832578648,attribute_2,包含,他,包含-他
0.459742682005,0.372742903719,0.151766990015,0.128577220244,0.116102490103,attribute_2,包含,别人,包含-别人
0.461622546606,0.324809322653,0.127400320565,0.0681963983576,0.0944713896106,attribute_2,包含,他们,包含-他们
0.0,0.0,0.0,0.0,0.0,attribute_2,包含,他的,包含-他的
0.0,0.0,0.0,0.0,0.0,attribute_2,包含,他们的,包含-他们的
0.276349440822,0.222416983235,0.151918499577,0.0110644040349,0.0451984726109,attribute_2,保卫,他,保卫-他
0.39528550861,0.309584258263,0.219738941328,0.172644292646,0.194483878196,attribute_2,保卫,别人,保卫-别人
0.390989588542,0.328342352406,0.0935385318657,0.121114449224,0.0877985226786,attribute_2,保卫,他们,保卫-他们
0.0,0.0,0.0,0.0,0.0,attribute_2,保卫,他的,保卫-他的
0.0,0.0,0.0,0.0,0.0,attribute_2,保卫,他们的,保卫-他们的
0.0,0.0,0.0,0.27787166753,0.259185272255,attribute_2,情境,他,情境-他
0.0,0.0,0.0,0.135366979928,0.15223141605,attribute_2,情境,别人,情境-别人
0.0,0.0,0.0,0.264164482525,0.270891462794,attribute_2,情境,他们,情境-他们
0.0,0.0,0.0,0.0,0.0,attribute_2,情境,他的,情境-他的
0.0,0.0,0.0,0.0,0.0,attribute_2,情境,他们的,情境-他们的
0.0,0.0,0.0,0.0,0.0940388229355,attribute_2,赠与,他,赠与-他
0.0,0.0,0.0,0.0,0.118822075841,attribute_2,赠与,别人,赠与-别人
0.0,0.0,0.0,0.0,0.0958211637148,attribute_2,赠与,他们,赠与-他们
0.0,0.0,0.0,0.0,0.0,attribute_2,赠与,他的,赠与-他的
0.0,0.0,0.0,0.0,0.0,attribute_2,赠与,他们的,赠与-他们的
0.450965550718,0.307026916147,0.196982954299,0.121350615455,0.172352297595,attribute_2,一致,他,一致-他
0.520520899292,0.340083503028,0.104116517501,0.0750872415488,0.024650960916,attribute_2,一致,别人,一致-别人
0.533422159432,0.390316283629,0.242630901831,0.159717097457,0.13891161651,attribute_2,一致,他们,一致-他们
0.0,0.0,0.0,0.0,0.0,attribute_2,一致,他的,一致-他的
0.0,0.0,0.0,0.0,0.0,attribute_2,一致,他们的,一致-他们的
0.0,0.0,0.0,0.0,0.340714286024,attribute_2,宽恕,他,宽恕-他
0.0,0.0,0.0,0.0,0.431458334582,attribute_2,宽恕,别人,宽恕-别人
0.0,0.0,0.0,0.0,0.340007522293,attribute_2,宽恕,他们,宽恕-他们
0.0,0.0,0.0,0.0,0.0,attribute_2,宽恕,他的,宽恕-他的
0.0,0.0,0.0,0.0,0.0,attribute_2,宽恕,他们的,宽恕-他们的
0.625908441727,0.458989287292,0.257818567145,0.167962491811,0.202167538879,attribute_2,牺牲,他,牺牲-他
0.821173099904,0.572437661856,0.304398538817,0.134881567578,0.225548519851,attribute_2,牺牲,别人,牺牲-别人
0.677379672774,0.423535979701,0.20766881902,0.220471210498,0.155100195058,attribute_2,牺牲,他们,牺牲-他们
0.0,0.0,0.0,0.0,0.0,attribute_2,牺牲,他的,牺牲-他的
0.0,0.0,0.0,0.0,0.0,attribute_2,牺牲,他们的,牺牲-他们的
0.0,0.0,0.0,0.159600096746,0.158989679821,attribute_2,诽谤,他,诽谤-他
0.0,0.0,0.0,0.237843185994,0.153670490737,attribute_2,诽谤,别人,诽谤-别人
0.0,0.0,0.0,0.257370501616,0.124288844945,attribute_2,诽谤,他们,诽谤-他们
0.0,0.0,0.0,0.0,0.0,attribute_2,诽谤,他的,诽谤-他的
0.0,0.0,0.0,0.0,0.0,attribute_2,诽谤,他们的,诽谤-他们的
0.398778541152,0.309679180222,0.105417050342,0.10421399046,0.223404383563,attribute_2,注意,他,注意-他
0.475706612175,0.341928060707,0.218410623259,0.100143371118,0.102723859884,attribute_2,注意,别人,注意-别人
0.455775077681,0.247326901689,0.269957519342,0.0947353403497,0.228356732556,attribute_2,注意,他们,注意-他们
0.0,0.0,0.0,0.0,0.0,attribute_2,注意,他的,注意-他的
0.0,0.0,0.0,0.0,0.0,attribute_2,注意,他们的,注意-他们的
0.191194450053,0.207767126265,0.150997049807,0.0601621783281,0.10657281752,attribute_2,合作,他,合作-他
0.108976610528,0.261318948329,0.116057640898,0.0304554796868,0.142099415006,attribute_2,合作,别人,合作-别人
0.228656724382,0.322144572739,0.182532904551,0.0857824506839,0.13109048114,attribute_2,合作,他们,合作-他们
0.0,0.0,0.0,0.0,0.0,attribute_2,合作,他的,合作-他的
0.0,0.0,0.0,0.0,0.0,attribute_2,合作,他们的,合作-他们的
0.0,0.0,0.0,0.144080747602,0.0722397695862,attribute_2,社团,他,社团-他
0.0,0.0,0.0,0.110251319971,0.0848106896034,attribute_2,社团,别人,社团-别人
0.0,0.0,0.0,0.120316616147,0.114295854458,attribute_2,社团,他们,社团-他们
0.0,0.0,0.0,0.0,0.0,attribute_2,社团,他的,社团-他的
0.0,0.0,0.0,0.0,0.0,attribute_2,社团,他们的,社团-他们的
0.31127155058,0.229192735651,0.130043165477,0.0764826209147,0.03432482848,attribute_2,普遍,他,普遍-他
0.461601055919,0.256005466805,0.0297550873494,0.0833880941001,0.0932381437036,attribute_2,普遍,别人,普遍-别人
0.357278128097,0.334998924316,0.17075038658,0.12753236138,0.040176372571,attribute_2,普遍,他们,普遍-他们
0.0,0.0,0.0,0.0,0.0,attribute_2,普遍,他的,普遍-他的
0.0,0.0,0.0,0.0,0.0,attribute_2,普遍,他们的,普遍-他们的
0.0882228061919,0.0,0.0,-0.00829732604555,0.0061523184861,attribute_2,授权,他,授权-他
0.126936684126,0.0,0.0,0.0449071823429,0.0964805015866,attribute_2,授权,别人,授权-别人
0.163348780713,0.0,0.0,0.0106063671477,-0.0413985284712,attribute_2,授权,他们,授权-他们
0.0,0.0,0.0,0.0,0.0,attribute_2,授权,他的,授权-他的
0.0,0.0,0.0,0.0,0.0,attribute_2,授权,他们的,授权-他们的
0.107881545658,0.0,0.178670391447,0.0470365391339,0.0889531417413,attribute_2,生态,他,生态-他
0.306467287567,0.0,0.165630404396,0.0630063893924,0.0501386899019,attribute_2,生态,别人,生态-别人
0.247451770039,0.0,0.201627839919,0.0464618790071,0.013192089282,attribute_2,生态,他们,生态-他们
0.0,0.0,0.0,0.0,0.0,attribute_2,生态,他的,生态-他的
0.0,0.0,0.0,0.0,0.0,attribute_2,生态,他们的,生态-他们的
0.150162113743,0.201721458915,0.0720449988794,0.00957762254584,0.086755650802,attribute_2,协作,他,协作-他
0.296941895405,0.295181580299,0.174524605839,0.0622484265568,0.156520946335,attribute_2,协作,别人,协作-别人
0.375669856533,0.335896489103,0.182870634971,0.107522695998,0.0910523070798,attribute_2,协作,他们,协作-他们
0.0,0.0,0.0,0.0,0.0,attribute_2,协作,他的,协作-他的
0.0,0.0,0.0,0.0,0.0,attribute_2,协作,他们的,协作-他们的
0.366758465266,0.35810791605,0.140124378272,0.15162640689,0.139078345464,attribute_2,医院,他,医院-他
0.41935468461,0.355360476866,0.162769097138,0.155467026985,0.0705677901497,attribute_2,医院,别人,医院-别人
0.356059042294,0.30610903663,0.122083152617,0.143983547429,0.0026931784742,attribute_2,医院,他们,医院-他们
0.0,0.0,0.0,0.0,0.0,attribute_2,医院,他的,医院-他的
0.0,0.0,0.0,0.0,0.0,attribute_2,医院,他们的,医院-他们的
0.0,0.0,0.0,0.0,0.236624316459,attribute_2,坦诚,他,坦诚-他
0.0,0.0,0.0,0.0,0.19315660395,attribute_2,坦诚,别人,坦诚-别人
0.0,0.0,0.0,0.0,0.239054754231,attribute_2,坦诚,他们,坦诚-他们
0.0,0.0,0.0,0.0,0.0,attribute_2,坦诚,他的,坦诚-他的
0.0,0.0,0.0,0.0,0.0,attribute_2,坦诚,他们的,坦诚-他们的
0.0,0.0,0.0,0.0,0.0,attribute_2,至善,他,至善-他
0.0,0.0,0.0,0.0,0.0,attribute_2,至善,别人,至善-别人
0.0,0.0,0.0,0.0,0.0,attribute_2,至善,他们,至善-他们
0.0,0.0,0.0,0.0,0.0,attribute_2,至善,他的,至善-他的
0.0,0.0,0.0,0.0,0.0,attribute_2,至善,他们的,至善-他们的
0.0,0.0,0.0,0.0,0.0,attribute_2,双赢,他,双赢-他
0.0,0.0,0.0,0.0,0.0,attribute_2,双赢,别人,双赢-别人
0.0,0.0,0.0,0.0,0.0,attribute_2,双赢,他们,双赢-他们
0.0,0.0,0.0,0.0,0.0,attribute_2,双赢,他的,双赢-他的
0.0,0.0,0.0,0.0,0.0,attribute_2,双赢,他们的,双赢-他们的
0.0,0.0,0.0,0.227179837021,0.126012845695,attribute_2,救助,他,救助-他
0.0,0.0,0.0,0.204596144868,0.123424092483,attribute_2,救助,别人,救助-别人
0.0,0.0,0.0,0.227811686966,0.172609174489,attribute_2,救助,他们,救助-他们
0.0,0.0,0.0,0.0,0.0,attribute_2,救助,他的,救助-他的
0.0,0.0,0.0,0.0,0.0,attribute_2,救助,他们的,救助-他们的
0.0,0.0,0.0,0.0,0.0,attribute_2,宽厚,他,宽厚-他
0.0,0.0,0.0,0.0,0.0,attribute_2,宽厚,别人,宽厚-别人
0.0,0.0,0.0,0.0,0.0,attribute_2,宽厚,他们,宽厚-他们
0.0,0.0,0.0,0.0,0.0,attribute_2,宽厚,他的,宽厚-他的
0.0,0.0,0.0,0.0,0.0,attribute_2,宽厚,他们的,宽厚-他们的
0.374591100251,0.259300123362,0.140978764412,0.129004805007,0.0903440180643,attribute_2,拥护,他,拥护-他
0.56788186147,0.278439881499,0.118392186449,0.0387033127981,0.0501917393054,attribute_2,拥护,别人,拥护-别人
0.580821945124,0.302734555943,0.19630675411,0.108791778389,0.141952083935,attribute_2,拥护,他们,拥护-他们
0.0,0.0,0.0,0.0,0.0,attribute_2,拥护,他的,拥护-他的
0.0,0.0,0.0,0.0,0.0,attribute_2,拥护,他们的,拥护-他们的
0.401468002654,0.301415422402,0.141227003643,0.169754506303,0.176967016133,attribute_2,解放,他,解放-他
0.388181904293,0.241486620247,0.150680476794,0.147909243265,0.15940362393,attribute_2,解放,别人,解放-别人
0.470387214064,0.315813311479,0.0908418839514,0.179267226347,0.121434069144,attribute_2,解放,他们,解放-他们
0.0,0.0,0.0,0.0,0.0,attribute_2,解放,他的,解放-他的
0.0,0.0,0.0,0.0,0.0,attribute_2,解放,他们的,解放-他们的
0.13798952419,0.0,0.184579084346,0.0851474252913,0.0393406900142,attribute_2,参与,他,参与-他
0.314348104015,0.0,0.186136308575,0.0574712999102,0.0346107697988,attribute_2,参与,别人,参与-别人
0.384622363654,0.0,0.246817832426,0.114648360871,0.0471962696378,attribute_2,参与,他们,参与-他们
0.0,0.0,0.0,0.0,0.0,attribute_2,参与,他的,参与-他的
0.0,0.0,0.0,0.0,0.0,attribute_2,参与,他们的,参与-他们的
0.0,0.0,0.384314155157,0.275626085699,0.288624590777,attribute_2,平静,他,平静-他
0.0,0.0,0.211913481682,0.176204333292,0.182048214398,attribute_2,平静,别人,平静-别人
0.0,0.0,0.254026824949,0.263397520932,0.214039911736,attribute_2,平静,他们,平静-他们
0.0,0.0,0.0,0.0,0.0,attribute_2,平静,他的,平静-他的
0.0,0.0,0.0,0.0,0.0,attribute_2,平静,他们的,平静-他们的
0.246197878272,0.0,0.197481577223,0.0949851814403,0.0669868347927,attribute_2,公平,他,公平-他
0.512992825033,0.0,0.26824866662,0.0843313478413,0.0712930547061,attribute_2,公平,别人,公平-别人
0.359151163867,0.0,0.267038729978,0.107862932774,0.119067739921,attribute_2,公平,他们,公平-他们
0.0,0.0,0.0,0.0,0.0,attribute_2,公平,他的,公平-他的
0.0,0.0,0.0,0.0,0.0,attribute_2,公平,他们的,公平-他们的
0.0,0.392892728256,0.308325850935,0.144660431799,0.155147704264,attribute_2,招待,他,招待-他
0.0,0.245842546787,0.226566309064,0.120397045513,0.165755266423,attribute_2,招待,别人,招待-别人
0.0,0.264179451085,0.213147261724,0.121303943583,0.0736349148397,attribute_2,招待,他们,招待-他们
0.0,0.0,0.0,0.0,0.0,attribute_2,招待,他的,招待-他的
0.0,0.0,0.0,0.0,0.0,attribute_2,招待,他们的,招待-他们的
0.333883349835,0.323749497647,0.19109001569,0.180684749969,0.112961278333,attribute_2,正义,他,正义-他
0.519370100642,0.252619102239,0.177338788146,0.0813508491165,0.128749728326,attribute_2,正义,别人,正义-别人
0.438739628798,0.313197718167,0.201190777285,0.17589001437,0.11436337262,attribute_2,正义,他们,正义-他们
0.0,0.0,0.0,0.0,0.0,attribute_2,正义,他的,正义-他的
0.0,0.0,0.0,0.0,0.0,attribute_2,正义,他们的,正义-他们的
0.0,0.0,0.0,0.163986109268,0.194895339849,attribute_2,礼貌,他,礼貌-他
0.0,0.0,0.0,0.143449614279,0.106396457858,attribute_2,礼貌,别人,礼貌-别人
0.0,0.0,0.0,0.203317988765,0.174775442654,attribute_2,礼貌,他们,礼貌-他们
0.0,0.0,0.0,0.0,0.0,attribute_2,礼貌,他的,礼貌-他的
0.0,0.0,0.0,0.0,0.0,attribute_2,礼貌,他们的,礼貌-他们的
0.0,0.0,0.0,0.0,0.0,attribute_2,多种,他,多种-他
0.0,0.0,0.0,0.0,0.0,attribute_2,多种,别人,多种-别人
0.0,0.0,0.0,0.0,0.0,attribute_2,多种,他们,多种-他们
0.0,0.0,0.0,0.0,0.0,attribute_2,多种,他的,多种-他的
0.0,0.0,0.0,0.0,0.0,attribute_2,多种,他们的,多种-他们的
0.0,0.0,0.0,0.294444191034,0.410334224409,attribute_2,直率,他,直率-他
0.0,0.0,0.0,0.200435711835,0.248509493053,attribute_2,直率,别人,直率-别人
0.0,0.0,0.0,0.287224475737,0.406896949039,attribute_2,直率,他们,直率-他们
0.0,0.0,0.0,0.0,0.0,attribute_2,直率,他的,直率-他的
0.0,0.0,0.0,0.0,0.0,attribute_2,直率,他们的,直率-他们的
0.0,0.0,0.0,0.0,0.0,attribute_2,利他,他,利他-他
0.0,0.0,0.0,0.0,0.0,attribute_2,利他,别人,利他-别人
0.0,0.0,0.0,0.0,0.0,attribute_2,利他,他们,利他-他们
0.0,0.0,0.0,0.0,0.0,attribute_2,利他,他的,利他-他的
0.0,0.0,0.0,0.0,0.0,attribute_2,利他,他们的,利他-他们的
